[2021-08-26 21:55:57] local.ERROR: View [welcome] not found. {"exception":"[object] (InvalidArgumentException(code: 0): View [welcome] not found. at /home/otgpanel2017/public_html/[WEBSITES]/efodia.com/user/api/vendor/laravel/framework/src/Illuminate/View/FileViewFinder.php:137)
[stacktrace]
#0 /home/otgpanel2017/public_html/[WEBSITES]/efodia.com/user/api/vendor/laravel/framework/src/Illuminate/View/FileViewFinder.php(79): Illuminate\\View\\FileViewFinder->findInPaths('welcome', Array)
#1 /home/otgpanel2017/public_html/[WEBSITES]/efodia.com/user/api/vendor/laravel/framework/src/Illuminate/View/Factory.php(138): Illuminate\\View\\FileViewFinder->find('welcome')
#2 /home/otgpanel2017/public_html/[WEBSITES]/efodia.com/user/api/vendor/laravel/framework/src/Illuminate/Foundation/helpers.php(961): Illuminate\\View\\Factory->make('welcome', Array, Array)
#3 /home/otgpanel2017/public_html/[WEBSITES]/efodia.com/user/api/routes/web.php(17): view('welcome')
#4 /home/otgpanel2017/public_html/[WEBSITES]/efodia.com/user/api/vendor/laravel/framework/src/Illuminate/Routing/Route.php(225): Illuminate\\Routing\\RouteFileRegistrar->{closure}()
#5 /home/otgpanel2017/public_html/[WEBSITES]/efodia.com/user/api/vendor/laravel/framework/src/Illuminate/Routing/Route.php(199): Illuminate\\Routing\\Route->runCallable()
#6 /home/otgpanel2017/public_html/[WEBSITES]/efodia.com/user/api/vendor/laravel/framework/src/Illuminate/Routing/Router.php(685): Illuminate\\Routing\\Route->run()
#7 /home/otgpanel2017/public_html/[WEBSITES]/efodia.com/user/api/vendor/laravel/framework/src/Illuminate/Pipeline/Pipeline.php(128): Illuminate\\Routing\\Router->Illuminate\\Routing\\{closure}(Object(Illuminate\\Http\\Request))
#8 /home/otgpanel2017/public_html/[WEBSITES]/efodia.com/user/api/vendor/laravel/framework/src/Illuminate/Routing/Middleware/SubstituteBindings.php(41): Illuminate\\Pipeline\\Pipeline->Illuminate\\Pipeline\\{closure}(Object(Illuminate\\Http\\Request))
#9 /home/otgpanel2017/public_html/[WEBSITES]/efodia.com/user/api/vendor/laravel/framework/src/Illuminate/Pipeline/Pipeline.php(167): Illuminate\\Routing\\Middleware\\SubstituteBindings->handle(Object(Illuminate\\Http\\Request), Object(Closure))
#10 /home/otgpanel2017/public_html/[WEBSITES]/efodia.com/user/api/vendor/laravel/framework/src/Illuminate/Foundation/Http/Middleware/VerifyCsrfToken.php(78): Illuminate\\Pipeline\\Pipeline->Illuminate\\Pipeline\\{closure}(Object(Illuminate\\Http\\Request))
#11 /home/otgpanel2017/public_html/[WEBSITES]/efodia.com/user/api/vendor/laravel/framework/src/Illuminate/Pipeline/Pipeline.php(167): Illuminate\\Foundation\\Http\\Middleware\\VerifyCsrfToken->handle(Object(Illuminate\\Http\\Request), Object(Closure))
#12 /home/otgpanel2017/public_html/[WEBSITES]/efodia.com/user/api/vendor/laravel/framework/src/Illuminate/View/Middleware/ShareErrorsFromSession.php(49): Illuminate\\Pipeline\\Pipeline->Illuminate\\Pipeline\\{closure}(Object(Illuminate\\Http\\Request))
#13 /home/otgpanel2017/public_html/[WEBSITES]/efodia.com/user/api/vendor/laravel/framework/src/Illuminate/Pipeline/Pipeline.php(167): Illuminate\\View\\Middleware\\ShareErrorsFromSession->handle(Object(Illuminate\\Http\\Request), Object(Closure))
#14 /home/otgpanel2017/public_html/[WEBSITES]/efodia.com/user/api/vendor/laravel/framework/src/Illuminate/Session/Middleware/StartSession.php(116): Illuminate\\Pipeline\\Pipeline->Illuminate\\Pipeline\\{closure}(Object(Illuminate\\Http\\Request))
#15 /home/otgpanel2017/public_html/[WEBSITES]/efodia.com/user/api/vendor/laravel/framework/src/Illuminate/Session/Middleware/StartSession.php(62): Illuminate\\Session\\Middleware\\StartSession->handleStatefulRequest(Object(Illuminate\\Http\\Request), Object(Illuminate\\Session\\Store), Object(Closure))
#16 /home/otgpanel2017/public_html/[WEBSITES]/efodia.com/user/api/vendor/laravel/framework/src/Illuminate/Pipeline/Pipeline.php(167): Illuminate\\Session\\Middleware\\StartSession->handle(Object(Illuminate\\Http\\Request), Object(Closure))
#17 /home/otgpanel2017/public_html/[WEBSITES]/efodia.com/user/api/vendor/laravel/framework/src/Illuminate/Cookie/Middleware/AddQueuedCookiesToResponse.php(37): Illuminate\\Pipeline\\Pipeline->Illuminate\\Pipeline\\{closure}(Object(Illuminate\\Http\\Request))
#18 /home/otgpanel2017/public_html/[WEBSITES]/efodia.com/user/api/vendor/laravel/framework/src/Illuminate/Pipeline/Pipeline.php(167): Illuminate\\Cookie\\Middleware\\AddQueuedCookiesToResponse->handle(Object(Illuminate\\Http\\Request), Object(Closure))
#19 /home/otgpanel2017/public_html/[WEBSITES]/efodia.com/user/api/vendor/laravel/framework/src/Illuminate/Cookie/Middleware/EncryptCookies.php(67): Illuminate\\Pipeline\\Pipeline->Illuminate\\Pipeline\\{closure}(Object(Illuminate\\Http\\Request))
#20 /home/otgpanel2017/public_html/[WEBSITES]/efodia.com/user/api/vendor/laravel/framework/src/Illuminate/Pipeline/Pipeline.php(167): Illuminate\\Cookie\\Middleware\\EncryptCookies->handle(Object(Illuminate\\Http\\Request), Object(Closure))
#21 /home/otgpanel2017/public_html/[WEBSITES]/efodia.com/user/api/vendor/laravel/framework/src/Illuminate/Pipeline/Pipeline.php(103): Illuminate\\Pipeline\\Pipeline->Illuminate\\Pipeline\\{closure}(Object(Illuminate\\Http\\Request))
#22 /home/otgpanel2017/public_html/[WEBSITES]/efodia.com/user/api/vendor/laravel/framework/src/Illuminate/Routing/Router.php(687): Illuminate\\Pipeline\\Pipeline->then(Object(Closure))
#23 /home/otgpanel2017/public_html/[WEBSITES]/efodia.com/user/api/vendor/laravel/framework/src/Illuminate/Routing/Router.php(662): Illuminate\\Routing\\Router->runRouteWithinStack(Object(Illuminate\\Routing\\Route), Object(Illuminate\\Http\\Request))
#24 /home/otgpanel2017/public_html/[WEBSITES]/efodia.com/user/api/vendor/laravel/framework/src/Illuminate/Routing/Router.php(628): Illuminate\\Routing\\Router->runRoute(Object(Illuminate\\Http\\Request), Object(Illuminate\\Routing\\Route))
#25 /home/otgpanel2017/public_html/[WEBSITES]/efodia.com/user/api/vendor/laravel/framework/src/Illuminate/Routing/Router.php(617): Illuminate\\Routing\\Router->dispatchToRoute(Object(Illuminate\\Http\\Request))
#26 /home/otgpanel2017/public_html/[WEBSITES]/efodia.com/user/api/vendor/laravel/framework/src/Illuminate/Foundation/Http/Kernel.php(165): Illuminate\\Routing\\Router->dispatch(Object(Illuminate\\Http\\Request))
#27 /home/otgpanel2017/public_html/[WEBSITES]/efodia.com/user/api/vendor/laravel/framework/src/Illuminate/Pipeline/Pipeline.php(128): Illuminate\\Foundation\\Http\\Kernel->Illuminate\\Foundation\\Http\\{closure}(Object(Illuminate\\Http\\Request))
#28 /home/otgpanel2017/public_html/[WEBSITES]/efodia.com/user/api/vendor/laravel/framework/src/Illuminate/Foundation/Http/Middleware/TransformsRequest.php(21): Illuminate\\Pipeline\\Pipeline->Illuminate\\Pipeline\\{closure}(Object(Illuminate\\Http\\Request))
#29 /home/otgpanel2017/public_html/[WEBSITES]/efodia.com/user/api/vendor/laravel/framework/src/Illuminate/Pipeline/Pipeline.php(167): Illuminate\\Foundation\\Http\\Middleware\\TransformsRequest->handle(Object(Illuminate\\Http\\Request), Object(Closure))
#30 /home/otgpanel2017/public_html/[WEBSITES]/efodia.com/user/api/vendor/laravel/framework/src/Illuminate/Foundation/Http/Middleware/TransformsRequest.php(21): Illuminate\\Pipeline\\Pipeline->Illuminate\\Pipeline\\{closure}(Object(Illuminate\\Http\\Request))
#31 /home/otgpanel2017/public_html/[WEBSITES]/efodia.com/user/api/vendor/laravel/framework/src/Illuminate/Pipeline/Pipeline.php(167): Illuminate\\Foundation\\Http\\Middleware\\TransformsRequest->handle(Object(Illuminate\\Http\\Request), Object(Closure))
#32 /home/otgpanel2017/public_html/[WEBSITES]/efodia.com/user/api/vendor/laravel/framework/src/Illuminate/Foundation/Http/Middleware/ValidatePostSize.php(27): Illuminate\\Pipeline\\Pipeline->Illuminate\\Pipeline\\{closure}(Object(Illuminate\\Http\\Request))
#33 /home/otgpanel2017/public_html/[WEBSITES]/efodia.com/user/api/vendor/laravel/framework/src/Illuminate/Pipeline/Pipeline.php(167): Illuminate\\Foundation\\Http\\Middleware\\ValidatePostSize->handle(Object(Illuminate\\Http\\Request), Object(Closure))
#34 /home/otgpanel2017/public_html/[WEBSITES]/efodia.com/user/api/vendor/laravel/framework/src/Illuminate/Foundation/Http/Middleware/CheckForMaintenanceMode.php(63): Illuminate\\Pipeline\\Pipeline->Illuminate\\Pipeline\\{closure}(Object(Illuminate\\Http\\Request))
#35 /home/otgpanel2017/public_html/[WEBSITES]/efodia.com/user/api/vendor/laravel/framework/src/Illuminate/Pipeline/Pipeline.php(167): Illuminate\\Foundation\\Http\\Middleware\\CheckForMaintenanceMode->handle(Object(Illuminate\\Http\\Request), Object(Closure))
#36 /home/otgpanel2017/public_html/[WEBSITES]/efodia.com/user/api/vendor/fruitcake/laravel-cors/src/HandleCors.php(37): Illuminate\\Pipeline\\Pipeline->Illuminate\\Pipeline\\{closure}(Object(Illuminate\\Http\\Request))
#37 /home/otgpanel2017/public_html/[WEBSITES]/efodia.com/user/api/vendor/laravel/framework/src/Illuminate/Pipeline/Pipeline.php(167): Fruitcake\\Cors\\HandleCors->handle(Object(Illuminate\\Http\\Request), Object(Closure))
#38 /home/otgpanel2017/public_html/[WEBSITES]/efodia.com/user/api/vendor/fideloper/proxy/src/TrustProxies.php(57): Illuminate\\Pipeline\\Pipeline->Illuminate\\Pipeline\\{closure}(Object(Illuminate\\Http\\Request))
#39 /home/otgpanel2017/public_html/[WEBSITES]/efodia.com/user/api/vendor/laravel/framework/src/Illuminate/Pipeline/Pipeline.php(167): Fideloper\\Proxy\\TrustProxies->handle(Object(Illuminate\\Http\\Request), Object(Closure))
#40 /home/otgpanel2017/public_html/[WEBSITES]/efodia.com/user/api/vendor/laravel/framework/src/Illuminate/Pipeline/Pipeline.php(103): Illuminate\\Pipeline\\Pipeline->Illuminate\\Pipeline\\{closure}(Object(Illuminate\\Http\\Request))
#41 /home/otgpanel2017/public_html/[WEBSITES]/efodia.com/user/api/vendor/laravel/framework/src/Illuminate/Foundation/Http/Kernel.php(140): Illuminate\\Pipeline\\Pipeline->then(Object(Closure))
#42 /home/otgpanel2017/public_html/[WEBSITES]/efodia.com/user/api/vendor/laravel/framework/src/Illuminate/Foundation/Http/Kernel.php(109): Illuminate\\Foundation\\Http\\Kernel->sendRequestThroughRouter(Object(Illuminate\\Http\\Request))
#43 /home/otgpanel2017/public_html/[WEBSITES]/efodia.com/user/api/public/index.php(55): Illuminate\\Foundation\\Http\\Kernel->handle(Object(Illuminate\\Http\\Request))
#44 {main}
"} 
[2021-08-26 21:55:57] local.ERROR: file_put_contents(C:\Users\pc\efodia\storage\framework/sessions/XtnPYEotPZvDsWQCfry0JiEPlauuU9UBM2NysL6m): failed to open stream: No such file or directory {"exception":"[object] (ErrorException(code: 0): file_put_contents(C:\\Users\\pc\\efodia\\storage\\framework/sessions/XtnPYEotPZvDsWQCfry0JiEPlauuU9UBM2NysL6m): failed to open stream: No such file or directory at /home/otgpanel2017/public_html/[WEBSITES]/efodia.com/user/api/vendor/laravel/framework/src/Illuminate/Filesystem/Filesystem.php:135)
[stacktrace]
#0 [internal function]: Illuminate\\Foundation\\Bootstrap\\HandleExceptions->handleError(2, 'file_put_conten...', '/home/otgpanel2...', 135, Array)
#1 /home/otgpanel2017/public_html/[WEBSITES]/efodia.com/user/api/vendor/laravel/framework/src/Illuminate/Filesystem/Filesystem.php(135): file_put_contents('C:\\\\Users\\\\pc\\\\efo...', 'a:3:{s:6:\"_toke...', 2)
#2 /home/otgpanel2017/public_html/[WEBSITES]/efodia.com/user/api/vendor/laravel/framework/src/Illuminate/Session/FileSessionHandler.php(83): Illuminate\\Filesystem\\Filesystem->put('C:\\\\Users\\\\pc\\\\efo...', 'a:3:{s:6:\"_toke...', true)
#3 /home/otgpanel2017/public_html/[WEBSITES]/efodia.com/user/api/vendor/laravel/framework/src/Illuminate/Session/Store.php(129): Illuminate\\Session\\FileSessionHandler->write('XtnPYEotPZvDsWQ...', 'a:3:{s:6:\"_toke...')
#4 /home/otgpanel2017/public_html/[WEBSITES]/efodia.com/user/api/vendor/laravel/framework/src/Illuminate/Session/Middleware/StartSession.php(231): Illuminate\\Session\\Store->save()
#5 /home/otgpanel2017/public_html/[WEBSITES]/efodia.com/user/api/vendor/laravel/framework/src/Illuminate/Session/Middleware/StartSession.php(125): Illuminate\\Session\\Middleware\\StartSession->saveSession(Object(Illuminate\\Http\\Request))
#6 /home/otgpanel2017/public_html/[WEBSITES]/efodia.com/user/api/vendor/laravel/framework/src/Illuminate/Session/Middleware/StartSession.php(62): Illuminate\\Session\\Middleware\\StartSession->handleStatefulRequest(Object(Illuminate\\Http\\Request), Object(Illuminate\\Session\\Store), Object(Closure))
#7 /home/otgpanel2017/public_html/[WEBSITES]/efodia.com/user/api/vendor/laravel/framework/src/Illuminate/Pipeline/Pipeline.php(167): Illuminate\\Session\\Middleware\\StartSession->handle(Object(Illuminate\\Http\\Request), Object(Closure))
#8 /home/otgpanel2017/public_html/[WEBSITES]/efodia.com/user/api/vendor/laravel/framework/src/Illuminate/Cookie/Middleware/AddQueuedCookiesToResponse.php(37): Illuminate\\Pipeline\\Pipeline->Illuminate\\Pipeline\\{closure}(Object(Illuminate\\Http\\Request))
#9 /home/otgpanel2017/public_html/[WEBSITES]/efodia.com/user/api/vendor/laravel/framework/src/Illuminate/Pipeline/Pipeline.php(167): Illuminate\\Cookie\\Middleware\\AddQueuedCookiesToResponse->handle(Object(Illuminate\\Http\\Request), Object(Closure))
#10 /home/otgpanel2017/public_html/[WEBSITES]/efodia.com/user/api/vendor/laravel/framework/src/Illuminate/Cookie/Middleware/EncryptCookies.php(67): Illuminate\\Pipeline\\Pipeline->Illuminate\\Pipeline\\{closure}(Object(Illuminate\\Http\\Request))
#11 /home/otgpanel2017/public_html/[WEBSITES]/efodia.com/user/api/vendor/laravel/framework/src/Illuminate/Pipeline/Pipeline.php(167): Illuminate\\Cookie\\Middleware\\EncryptCookies->handle(Object(Illuminate\\Http\\Request), Object(Closure))
#12 /home/otgpanel2017/public_html/[WEBSITES]/efodia.com/user/api/vendor/laravel/framework/src/Illuminate/Pipeline/Pipeline.php(103): Illuminate\\Pipeline\\Pipeline->Illuminate\\Pipeline\\{closure}(Object(Illuminate\\Http\\Request))
#13 /home/otgpanel2017/public_html/[WEBSITES]/efodia.com/user/api/vendor/laravel/framework/src/Illuminate/Routing/Router.php(687): Illuminate\\Pipeline\\Pipeline->then(Object(Closure))
#14 /home/otgpanel2017/public_html/[WEBSITES]/efodia.com/user/api/vendor/laravel/framework/src/Illuminate/Routing/Router.php(662): Illuminate\\Routing\\Router->runRouteWithinStack(Object(Illuminate\\Routing\\Route), Object(Illuminate\\Http\\Request))
#15 /home/otgpanel2017/public_html/[WEBSITES]/efodia.com/user/api/vendor/laravel/framework/src/Illuminate/Routing/Router.php(628): Illuminate\\Routing\\Router->runRoute(Object(Illuminate\\Http\\Request), Object(Illuminate\\Routing\\Route))
#16 /home/otgpanel2017/public_html/[WEBSITES]/efodia.com/user/api/vendor/laravel/framework/src/Illuminate/Routing/Router.php(617): Illuminate\\Routing\\Router->dispatchToRoute(Object(Illuminate\\Http\\Request))
#17 /home/otgpanel2017/public_html/[WEBSITES]/efodia.com/user/api/vendor/laravel/framework/src/Illuminate/Foundation/Http/Kernel.php(165): Illuminate\\Routing\\Router->dispatch(Object(Illuminate\\Http\\Request))
#18 /home/otgpanel2017/public_html/[WEBSITES]/efodia.com/user/api/vendor/laravel/framework/src/Illuminate/Pipeline/Pipeline.php(128): Illuminate\\Foundation\\Http\\Kernel->Illuminate\\Foundation\\Http\\{closure}(Object(Illuminate\\Http\\Request))
#19 /home/otgpanel2017/public_html/[WEBSITES]/efodia.com/user/api/vendor/laravel/framework/src/Illuminate/Foundation/Http/Middleware/TransformsRequest.php(21): Illuminate\\Pipeline\\Pipeline->Illuminate\\Pipeline\\{closure}(Object(Illuminate\\Http\\Request))
#20 /home/otgpanel2017/public_html/[WEBSITES]/efodia.com/user/api/vendor/laravel/framework/src/Illuminate/Pipeline/Pipeline.php(167): Illuminate\\Foundation\\Http\\Middleware\\TransformsRequest->handle(Object(Illuminate\\Http\\Request), Object(Closure))
#21 /home/otgpanel2017/public_html/[WEBSITES]/efodia.com/user/api/vendor/laravel/framework/src/Illuminate/Foundation/Http/Middleware/TransformsRequest.php(21): Illuminate\\Pipeline\\Pipeline->Illuminate\\Pipeline\\{closure}(Object(Illuminate\\Http\\Request))
#22 /home/otgpanel2017/public_html/[WEBSITES]/efodia.com/user/api/vendor/laravel/framework/src/Illuminate/Pipeline/Pipeline.php(167): Illuminate\\Foundation\\Http\\Middleware\\TransformsRequest->handle(Object(Illuminate\\Http\\Request), Object(Closure))
#23 /home/otgpanel2017/public_html/[WEBSITES]/efodia.com/user/api/vendor/laravel/framework/src/Illuminate/Foundation/Http/Middleware/ValidatePostSize.php(27): Illuminate\\Pipeline\\Pipeline->Illuminate\\Pipeline\\{closure}(Object(Illuminate\\Http\\Request))
#24 /home/otgpanel2017/public_html/[WEBSITES]/efodia.com/user/api/vendor/laravel/framework/src/Illuminate/Pipeline/Pipeline.php(167): Illuminate\\Foundation\\Http\\Middleware\\ValidatePostSize->handle(Object(Illuminate\\Http\\Request), Object(Closure))
#25 /home/otgpanel2017/public_html/[WEBSITES]/efodia.com/user/api/vendor/laravel/framework/src/Illuminate/Foundation/Http/Middleware/CheckForMaintenanceMode.php(63): Illuminate\\Pipeline\\Pipeline->Illuminate\\Pipeline\\{closure}(Object(Illuminate\\Http\\Request))
#26 /home/otgpanel2017/public_html/[WEBSITES]/efodia.com/user/api/vendor/laravel/framework/src/Illuminate/Pipeline/Pipeline.php(167): Illuminate\\Foundation\\Http\\Middleware\\CheckForMaintenanceMode->handle(Object(Illuminate\\Http\\Request), Object(Closure))
#27 /home/otgpanel2017/public_html/[WEBSITES]/efodia.com/user/api/vendor/fruitcake/laravel-cors/src/HandleCors.php(37): Illuminate\\Pipeline\\Pipeline->Illuminate\\Pipeline\\{closure}(Object(Illuminate\\Http\\Request))
#28 /home/otgpanel2017/public_html/[WEBSITES]/efodia.com/user/api/vendor/laravel/framework/src/Illuminate/Pipeline/Pipeline.php(167): Fruitcake\\Cors\\HandleCors->handle(Object(Illuminate\\Http\\Request), Object(Closure))
#29 /home/otgpanel2017/public_html/[WEBSITES]/efodia.com/user/api/vendor/fideloper/proxy/src/TrustProxies.php(57): Illuminate\\Pipeline\\Pipeline->Illuminate\\Pipeline\\{closure}(Object(Illuminate\\Http\\Request))
#30 /home/otgpanel2017/public_html/[WEBSITES]/efodia.com/user/api/vendor/laravel/framework/src/Illuminate/Pipeline/Pipeline.php(167): Fideloper\\Proxy\\TrustProxies->handle(Object(Illuminate\\Http\\Request), Object(Closure))
#31 /home/otgpanel2017/public_html/[WEBSITES]/efodia.com/user/api/vendor/laravel/framework/src/Illuminate/Pipeline/Pipeline.php(103): Illuminate\\Pipeline\\Pipeline->Illuminate\\Pipeline\\{closure}(Object(Illuminate\\Http\\Request))
#32 /home/otgpanel2017/public_html/[WEBSITES]/efodia.com/user/api/vendor/laravel/framework/src/Illuminate/Foundation/Http/Kernel.php(140): Illuminate\\Pipeline\\Pipeline->then(Object(Closure))
#33 /home/otgpanel2017/public_html/[WEBSITES]/efodia.com/user/api/vendor/laravel/framework/src/Illuminate/Foundation/Http/Kernel.php(109): Illuminate\\Foundation\\Http\\Kernel->sendRequestThroughRouter(Object(Illuminate\\Http\\Request))
#34 /home/otgpanel2017/public_html/[WEBSITES]/efodia.com/user/api/public/index.php(55): Illuminate\\Foundation\\Http\\Kernel->handle(Object(Illuminate\\Http\\Request))
#35 {main}
"} 
[2021-08-26 21:56:03] local.ERROR: View [welcome] not found. {"exception":"[object] (InvalidArgumentException(code: 0): View [welcome] not found. at /home/otgpanel2017/public_html/[WEBSITES]/efodia.com/user/api/vendor/laravel/framework/src/Illuminate/View/FileViewFinder.php:137)
[stacktrace]
#0 /home/otgpanel2017/public_html/[WEBSITES]/efodia.com/user/api/vendor/laravel/framework/src/Illuminate/View/FileViewFinder.php(79): Illuminate\\View\\FileViewFinder->findInPaths('welcome', Array)
#1 /home/otgpanel2017/public_html/[WEBSITES]/efodia.com/user/api/vendor/laravel/framework/src/Illuminate/View/Factory.php(138): Illuminate\\View\\FileViewFinder->find('welcome')
#2 /home/otgpanel2017/public_html/[WEBSITES]/efodia.com/user/api/vendor/laravel/framework/src/Illuminate/Foundation/helpers.php(961): Illuminate\\View\\Factory->make('welcome', Array, Array)
#3 /home/otgpanel2017/public_html/[WEBSITES]/efodia.com/user/api/routes/web.php(17): view('welcome')
#4 /home/otgpanel2017/public_html/[WEBSITES]/efodia.com/user/api/vendor/laravel/framework/src/Illuminate/Routing/Route.php(225): Illuminate\\Routing\\RouteFileRegistrar->{closure}()
#5 /home/otgpanel2017/public_html/[WEBSITES]/efodia.com/user/api/vendor/laravel/framework/src/Illuminate/Routing/Route.php(199): Illuminate\\Routing\\Route->runCallable()
#6 /home/otgpanel2017/public_html/[WEBSITES]/efodia.com/user/api/vendor/laravel/framework/src/Illuminate/Routing/Router.php(685): Illuminate\\Routing\\Route->run()
#7 /home/otgpanel2017/public_html/[WEBSITES]/efodia.com/user/api/vendor/laravel/framework/src/Illuminate/Pipeline/Pipeline.php(128): Illuminate\\Routing\\Router->Illuminate\\Routing\\{closure}(Object(Illuminate\\Http\\Request))
#8 /home/otgpanel2017/public_html/[WEBSITES]/efodia.com/user/api/vendor/laravel/framework/src/Illuminate/Routing/Middleware/SubstituteBindings.php(41): Illuminate\\Pipeline\\Pipeline->Illuminate\\Pipeline\\{closure}(Object(Illuminate\\Http\\Request))
#9 /home/otgpanel2017/public_html/[WEBSITES]/efodia.com/user/api/vendor/laravel/framework/src/Illuminate/Pipeline/Pipeline.php(167): Illuminate\\Routing\\Middleware\\SubstituteBindings->handle(Object(Illuminate\\Http\\Request), Object(Closure))
#10 /home/otgpanel2017/public_html/[WEBSITES]/efodia.com/user/api/vendor/laravel/framework/src/Illuminate/Foundation/Http/Middleware/VerifyCsrfToken.php(78): Illuminate\\Pipeline\\Pipeline->Illuminate\\Pipeline\\{closure}(Object(Illuminate\\Http\\Request))
#11 /home/otgpanel2017/public_html/[WEBSITES]/efodia.com/user/api/vendor/laravel/framework/src/Illuminate/Pipeline/Pipeline.php(167): Illuminate\\Foundation\\Http\\Middleware\\VerifyCsrfToken->handle(Object(Illuminate\\Http\\Request), Object(Closure))
#12 /home/otgpanel2017/public_html/[WEBSITES]/efodia.com/user/api/vendor/laravel/framework/src/Illuminate/View/Middleware/ShareErrorsFromSession.php(49): Illuminate\\Pipeline\\Pipeline->Illuminate\\Pipeline\\{closure}(Object(Illuminate\\Http\\Request))
#13 /home/otgpanel2017/public_html/[WEBSITES]/efodia.com/user/api/vendor/laravel/framework/src/Illuminate/Pipeline/Pipeline.php(167): Illuminate\\View\\Middleware\\ShareErrorsFromSession->handle(Object(Illuminate\\Http\\Request), Object(Closure))
#14 /home/otgpanel2017/public_html/[WEBSITES]/efodia.com/user/api/vendor/laravel/framework/src/Illuminate/Session/Middleware/StartSession.php(116): Illuminate\\Pipeline\\Pipeline->Illuminate\\Pipeline\\{closure}(Object(Illuminate\\Http\\Request))
#15 /home/otgpanel2017/public_html/[WEBSITES]/efodia.com/user/api/vendor/laravel/framework/src/Illuminate/Session/Middleware/StartSession.php(62): Illuminate\\Session\\Middleware\\StartSession->handleStatefulRequest(Object(Illuminate\\Http\\Request), Object(Illuminate\\Session\\Store), Object(Closure))
#16 /home/otgpanel2017/public_html/[WEBSITES]/efodia.com/user/api/vendor/laravel/framework/src/Illuminate/Pipeline/Pipeline.php(167): Illuminate\\Session\\Middleware\\StartSession->handle(Object(Illuminate\\Http\\Request), Object(Closure))
#17 /home/otgpanel2017/public_html/[WEBSITES]/efodia.com/user/api/vendor/laravel/framework/src/Illuminate/Cookie/Middleware/AddQueuedCookiesToResponse.php(37): Illuminate\\Pipeline\\Pipeline->Illuminate\\Pipeline\\{closure}(Object(Illuminate\\Http\\Request))
#18 /home/otgpanel2017/public_html/[WEBSITES]/efodia.com/user/api/vendor/laravel/framework/src/Illuminate/Pipeline/Pipeline.php(167): Illuminate\\Cookie\\Middleware\\AddQueuedCookiesToResponse->handle(Object(Illuminate\\Http\\Request), Object(Closure))
#19 /home/otgpanel2017/public_html/[WEBSITES]/efodia.com/user/api/vendor/laravel/framework/src/Illuminate/Cookie/Middleware/EncryptCookies.php(67): Illuminate\\Pipeline\\Pipeline->Illuminate\\Pipeline\\{closure}(Object(Illuminate\\Http\\Request))
#20 /home/otgpanel2017/public_html/[WEBSITES]/efodia.com/user/api/vendor/laravel/framework/src/Illuminate/Pipeline/Pipeline.php(167): Illuminate\\Cookie\\Middleware\\EncryptCookies->handle(Object(Illuminate\\Http\\Request), Object(Closure))
#21 /home/otgpanel2017/public_html/[WEBSITES]/efodia.com/user/api/vendor/laravel/framework/src/Illuminate/Pipeline/Pipeline.php(103): Illuminate\\Pipeline\\Pipeline->Illuminate\\Pipeline\\{closure}(Object(Illuminate\\Http\\Request))
#22 /home/otgpanel2017/public_html/[WEBSITES]/efodia.com/user/api/vendor/laravel/framework/src/Illuminate/Routing/Router.php(687): Illuminate\\Pipeline\\Pipeline->then(Object(Closure))
#23 /home/otgpanel2017/public_html/[WEBSITES]/efodia.com/user/api/vendor/laravel/framework/src/Illuminate/Routing/Router.php(662): Illuminate\\Routing\\Router->runRouteWithinStack(Object(Illuminate\\Routing\\Route), Object(Illuminate\\Http\\Request))
#24 /home/otgpanel2017/public_html/[WEBSITES]/efodia.com/user/api/vendor/laravel/framework/src/Illuminate/Routing/Router.php(628): Illuminate\\Routing\\Router->runRoute(Object(Illuminate\\Http\\Request), Object(Illuminate\\Routing\\Route))
#25 /home/otgpanel2017/public_html/[WEBSITES]/efodia.com/user/api/vendor/laravel/framework/src/Illuminate/Routing/Router.php(617): Illuminate\\Routing\\Router->dispatchToRoute(Object(Illuminate\\Http\\Request))
#26 /home/otgpanel2017/public_html/[WEBSITES]/efodia.com/user/api/vendor/laravel/framework/src/Illuminate/Foundation/Http/Kernel.php(165): Illuminate\\Routing\\Router->dispatch(Object(Illuminate\\Http\\Request))
#27 /home/otgpanel2017/public_html/[WEBSITES]/efodia.com/user/api/vendor/laravel/framework/src/Illuminate/Pipeline/Pipeline.php(128): Illuminate\\Foundation\\Http\\Kernel->Illuminate\\Foundation\\Http\\{closure}(Object(Illuminate\\Http\\Request))
#28 /home/otgpanel2017/public_html/[WEBSITES]/efodia.com/user/api/vendor/laravel/framework/src/Illuminate/Foundation/Http/Middleware/TransformsRequest.php(21): Illuminate\\Pipeline\\Pipeline->Illuminate\\Pipeline\\{closure}(Object(Illuminate\\Http\\Request))
#29 /home/otgpanel2017/public_html/[WEBSITES]/efodia.com/user/api/vendor/laravel/framework/src/Illuminate/Pipeline/Pipeline.php(167): Illuminate\\Foundation\\Http\\Middleware\\TransformsRequest->handle(Object(Illuminate\\Http\\Request), Object(Closure))
#30 /home/otgpanel2017/public_html/[WEBSITES]/efodia.com/user/api/vendor/laravel/framework/src/Illuminate/Foundation/Http/Middleware/TransformsRequest.php(21): Illuminate\\Pipeline\\Pipeline->Illuminate\\Pipeline\\{closure}(Object(Illuminate\\Http\\Request))
#31 /home/otgpanel2017/public_html/[WEBSITES]/efodia.com/user/api/vendor/laravel/framework/src/Illuminate/Pipeline/Pipeline.php(167): Illuminate\\Foundation\\Http\\Middleware\\TransformsRequest->handle(Object(Illuminate\\Http\\Request), Object(Closure))
#32 /home/otgpanel2017/public_html/[WEBSITES]/efodia.com/user/api/vendor/laravel/framework/src/Illuminate/Foundation/Http/Middleware/ValidatePostSize.php(27): Illuminate\\Pipeline\\Pipeline->Illuminate\\Pipeline\\{closure}(Object(Illuminate\\Http\\Request))
#33 /home/otgpanel2017/public_html/[WEBSITES]/efodia.com/user/api/vendor/laravel/framework/src/Illuminate/Pipeline/Pipeline.php(167): Illuminate\\Foundation\\Http\\Middleware\\ValidatePostSize->handle(Object(Illuminate\\Http\\Request), Object(Closure))
#34 /home/otgpanel2017/public_html/[WEBSITES]/efodia.com/user/api/vendor/laravel/framework/src/Illuminate/Foundation/Http/Middleware/CheckForMaintenanceMode.php(63): Illuminate\\Pipeline\\Pipeline->Illuminate\\Pipeline\\{closure}(Object(Illuminate\\Http\\Request))
#35 /home/otgpanel2017/public_html/[WEBSITES]/efodia.com/user/api/vendor/laravel/framework/src/Illuminate/Pipeline/Pipeline.php(167): Illuminate\\Foundation\\Http\\Middleware\\CheckForMaintenanceMode->handle(Object(Illuminate\\Http\\Request), Object(Closure))
#36 /home/otgpanel2017/public_html/[WEBSITES]/efodia.com/user/api/vendor/fruitcake/laravel-cors/src/HandleCors.php(37): Illuminate\\Pipeline\\Pipeline->Illuminate\\Pipeline\\{closure}(Object(Illuminate\\Http\\Request))
#37 /home/otgpanel2017/public_html/[WEBSITES]/efodia.com/user/api/vendor/laravel/framework/src/Illuminate/Pipeline/Pipeline.php(167): Fruitcake\\Cors\\HandleCors->handle(Object(Illuminate\\Http\\Request), Object(Closure))
#38 /home/otgpanel2017/public_html/[WEBSITES]/efodia.com/user/api/vendor/fideloper/proxy/src/TrustProxies.php(57): Illuminate\\Pipeline\\Pipeline->Illuminate\\Pipeline\\{closure}(Object(Illuminate\\Http\\Request))
#39 /home/otgpanel2017/public_html/[WEBSITES]/efodia.com/user/api/vendor/laravel/framework/src/Illuminate/Pipeline/Pipeline.php(167): Fideloper\\Proxy\\TrustProxies->handle(Object(Illuminate\\Http\\Request), Object(Closure))
#40 /home/otgpanel2017/public_html/[WEBSITES]/efodia.com/user/api/vendor/laravel/framework/src/Illuminate/Pipeline/Pipeline.php(103): Illuminate\\Pipeline\\Pipeline->Illuminate\\Pipeline\\{closure}(Object(Illuminate\\Http\\Request))
#41 /home/otgpanel2017/public_html/[WEBSITES]/efodia.com/user/api/vendor/laravel/framework/src/Illuminate/Foundation/Http/Kernel.php(140): Illuminate\\Pipeline\\Pipeline->then(Object(Closure))
#42 /home/otgpanel2017/public_html/[WEBSITES]/efodia.com/user/api/vendor/laravel/framework/src/Illuminate/Foundation/Http/Kernel.php(109): Illuminate\\Foundation\\Http\\Kernel->sendRequestThroughRouter(Object(Illuminate\\Http\\Request))
#43 /home/otgpanel2017/public_html/[WEBSITES]/efodia.com/user/api/public/index.php(55): Illuminate\\Foundation\\Http\\Kernel->handle(Object(Illuminate\\Http\\Request))
#44 {main}
"} 
[2021-08-26 21:56:03] local.ERROR: file_put_contents(C:\Users\pc\efodia\storage\framework/sessions/71e84O8xOUtQugps19EXCyL0RuvNhjr5Lxgxmq6K): failed to open stream: No such file or directory {"exception":"[object] (ErrorException(code: 0): file_put_contents(C:\\Users\\pc\\efodia\\storage\\framework/sessions/71e84O8xOUtQugps19EXCyL0RuvNhjr5Lxgxmq6K): failed to open stream: No such file or directory at /home/otgpanel2017/public_html/[WEBSITES]/efodia.com/user/api/vendor/laravel/framework/src/Illuminate/Filesystem/Filesystem.php:135)
[stacktrace]
#0 [internal function]: Illuminate\\Foundation\\Bootstrap\\HandleExceptions->handleError(2, 'file_put_conten...', '/home/otgpanel2...', 135, Array)
#1 /home/otgpanel2017/public_html/[WEBSITES]/efodia.com/user/api/vendor/laravel/framework/src/Illuminate/Filesystem/Filesystem.php(135): file_put_contents('C:\\\\Users\\\\pc\\\\efo...', 'a:3:{s:6:\"_toke...', 2)
#2 /home/otgpanel2017/public_html/[WEBSITES]/efodia.com/user/api/vendor/laravel/framework/src/Illuminate/Session/FileSessionHandler.php(83): Illuminate\\Filesystem\\Filesystem->put('C:\\\\Users\\\\pc\\\\efo...', 'a:3:{s:6:\"_toke...', true)
#3 /home/otgpanel2017/public_html/[WEBSITES]/efodia.com/user/api/vendor/laravel/framework/src/Illuminate/Session/Store.php(129): Illuminate\\Session\\FileSessionHandler->write('71e84O8xOUtQugp...', 'a:3:{s:6:\"_toke...')
#4 /home/otgpanel2017/public_html/[WEBSITES]/efodia.com/user/api/vendor/laravel/framework/src/Illuminate/Session/Middleware/StartSession.php(231): Illuminate\\Session\\Store->save()
#5 /home/otgpanel2017/public_html/[WEBSITES]/efodia.com/user/api/vendor/laravel/framework/src/Illuminate/Session/Middleware/StartSession.php(125): Illuminate\\Session\\Middleware\\StartSession->saveSession(Object(Illuminate\\Http\\Request))
#6 /home/otgpanel2017/public_html/[WEBSITES]/efodia.com/user/api/vendor/laravel/framework/src/Illuminate/Session/Middleware/StartSession.php(62): Illuminate\\Session\\Middleware\\StartSession->handleStatefulRequest(Object(Illuminate\\Http\\Request), Object(Illuminate\\Session\\Store), Object(Closure))
#7 /home/otgpanel2017/public_html/[WEBSITES]/efodia.com/user/api/vendor/laravel/framework/src/Illuminate/Pipeline/Pipeline.php(167): Illuminate\\Session\\Middleware\\StartSession->handle(Object(Illuminate\\Http\\Request), Object(Closure))
#8 /home/otgpanel2017/public_html/[WEBSITES]/efodia.com/user/api/vendor/laravel/framework/src/Illuminate/Cookie/Middleware/AddQueuedCookiesToResponse.php(37): Illuminate\\Pipeline\\Pipeline->Illuminate\\Pipeline\\{closure}(Object(Illuminate\\Http\\Request))
#9 /home/otgpanel2017/public_html/[WEBSITES]/efodia.com/user/api/vendor/laravel/framework/src/Illuminate/Pipeline/Pipeline.php(167): Illuminate\\Cookie\\Middleware\\AddQueuedCookiesToResponse->handle(Object(Illuminate\\Http\\Request), Object(Closure))
#10 /home/otgpanel2017/public_html/[WEBSITES]/efodia.com/user/api/vendor/laravel/framework/src/Illuminate/Cookie/Middleware/EncryptCookies.php(67): Illuminate\\Pipeline\\Pipeline->Illuminate\\Pipeline\\{closure}(Object(Illuminate\\Http\\Request))
#11 /home/otgpanel2017/public_html/[WEBSITES]/efodia.com/user/api/vendor/laravel/framework/src/Illuminate/Pipeline/Pipeline.php(167): Illuminate\\Cookie\\Middleware\\EncryptCookies->handle(Object(Illuminate\\Http\\Request), Object(Closure))
#12 /home/otgpanel2017/public_html/[WEBSITES]/efodia.com/user/api/vendor/laravel/framework/src/Illuminate/Pipeline/Pipeline.php(103): Illuminate\\Pipeline\\Pipeline->Illuminate\\Pipeline\\{closure}(Object(Illuminate\\Http\\Request))
#13 /home/otgpanel2017/public_html/[WEBSITES]/efodia.com/user/api/vendor/laravel/framework/src/Illuminate/Routing/Router.php(687): Illuminate\\Pipeline\\Pipeline->then(Object(Closure))
#14 /home/otgpanel2017/public_html/[WEBSITES]/efodia.com/user/api/vendor/laravel/framework/src/Illuminate/Routing/Router.php(662): Illuminate\\Routing\\Router->runRouteWithinStack(Object(Illuminate\\Routing\\Route), Object(Illuminate\\Http\\Request))
#15 /home/otgpanel2017/public_html/[WEBSITES]/efodia.com/user/api/vendor/laravel/framework/src/Illuminate/Routing/Router.php(628): Illuminate\\Routing\\Router->runRoute(Object(Illuminate\\Http\\Request), Object(Illuminate\\Routing\\Route))
#16 /home/otgpanel2017/public_html/[WEBSITES]/efodia.com/user/api/vendor/laravel/framework/src/Illuminate/Routing/Router.php(617): Illuminate\\Routing\\Router->dispatchToRoute(Object(Illuminate\\Http\\Request))
#17 /home/otgpanel2017/public_html/[WEBSITES]/efodia.com/user/api/vendor/laravel/framework/src/Illuminate/Foundation/Http/Kernel.php(165): Illuminate\\Routing\\Router->dispatch(Object(Illuminate\\Http\\Request))
#18 /home/otgpanel2017/public_html/[WEBSITES]/efodia.com/user/api/vendor/laravel/framework/src/Illuminate/Pipeline/Pipeline.php(128): Illuminate\\Foundation\\Http\\Kernel->Illuminate\\Foundation\\Http\\{closure}(Object(Illuminate\\Http\\Request))
#19 /home/otgpanel2017/public_html/[WEBSITES]/efodia.com/user/api/vendor/laravel/framework/src/Illuminate/Foundation/Http/Middleware/TransformsRequest.php(21): Illuminate\\Pipeline\\Pipeline->Illuminate\\Pipeline\\{closure}(Object(Illuminate\\Http\\Request))
#20 /home/otgpanel2017/public_html/[WEBSITES]/efodia.com/user/api/vendor/laravel/framework/src/Illuminate/Pipeline/Pipeline.php(167): Illuminate\\Foundation\\Http\\Middleware\\TransformsRequest->handle(Object(Illuminate\\Http\\Request), Object(Closure))
#21 /home/otgpanel2017/public_html/[WEBSITES]/efodia.com/user/api/vendor/laravel/framework/src/Illuminate/Foundation/Http/Middleware/TransformsRequest.php(21): Illuminate\\Pipeline\\Pipeline->Illuminate\\Pipeline\\{closure}(Object(Illuminate\\Http\\Request))
#22 /home/otgpanel2017/public_html/[WEBSITES]/efodia.com/user/api/vendor/laravel/framework/src/Illuminate/Pipeline/Pipeline.php(167): Illuminate\\Foundation\\Http\\Middleware\\TransformsRequest->handle(Object(Illuminate\\Http\\Request), Object(Closure))
#23 /home/otgpanel2017/public_html/[WEBSITES]/efodia.com/user/api/vendor/laravel/framework/src/Illuminate/Foundation/Http/Middleware/ValidatePostSize.php(27): Illuminate\\Pipeline\\Pipeline->Illuminate\\Pipeline\\{closure}(Object(Illuminate\\Http\\Request))
#24 /home/otgpanel2017/public_html/[WEBSITES]/efodia.com/user/api/vendor/laravel/framework/src/Illuminate/Pipeline/Pipeline.php(167): Illuminate\\Foundation\\Http\\Middleware\\ValidatePostSize->handle(Object(Illuminate\\Http\\Request), Object(Closure))
#25 /home/otgpanel2017/public_html/[WEBSITES]/efodia.com/user/api/vendor/laravel/framework/src/Illuminate/Foundation/Http/Middleware/CheckForMaintenanceMode.php(63): Illuminate\\Pipeline\\Pipeline->Illuminate\\Pipeline\\{closure}(Object(Illuminate\\Http\\Request))
#26 /home/otgpanel2017/public_html/[WEBSITES]/efodia.com/user/api/vendor/laravel/framework/src/Illuminate/Pipeline/Pipeline.php(167): Illuminate\\Foundation\\Http\\Middleware\\CheckForMaintenanceMode->handle(Object(Illuminate\\Http\\Request), Object(Closure))
#27 /home/otgpanel2017/public_html/[WEBSITES]/efodia.com/user/api/vendor/fruitcake/laravel-cors/src/HandleCors.php(37): Illuminate\\Pipeline\\Pipeline->Illuminate\\Pipeline\\{closure}(Object(Illuminate\\Http\\Request))
#28 /home/otgpanel2017/public_html/[WEBSITES]/efodia.com/user/api/vendor/laravel/framework/src/Illuminate/Pipeline/Pipeline.php(167): Fruitcake\\Cors\\HandleCors->handle(Object(Illuminate\\Http\\Request), Object(Closure))
#29 /home/otgpanel2017/public_html/[WEBSITES]/efodia.com/user/api/vendor/fideloper/proxy/src/TrustProxies.php(57): Illuminate\\Pipeline\\Pipeline->Illuminate\\Pipeline\\{closure}(Object(Illuminate\\Http\\Request))
#30 /home/otgpanel2017/public_html/[WEBSITES]/efodia.com/user/api/vendor/laravel/framework/src/Illuminate/Pipeline/Pipeline.php(167): Fideloper\\Proxy\\TrustProxies->handle(Object(Illuminate\\Http\\Request), Object(Closure))
#31 /home/otgpanel2017/public_html/[WEBSITES]/efodia.com/user/api/vendor/laravel/framework/src/Illuminate/Pipeline/Pipeline.php(103): Illuminate\\Pipeline\\Pipeline->Illuminate\\Pipeline\\{closure}(Object(Illuminate\\Http\\Request))
#32 /home/otgpanel2017/public_html/[WEBSITES]/efodia.com/user/api/vendor/laravel/framework/src/Illuminate/Foundation/Http/Kernel.php(140): Illuminate\\Pipeline\\Pipeline->then(Object(Closure))
#33 /home/otgpanel2017/public_html/[WEBSITES]/efodia.com/user/api/vendor/laravel/framework/src/Illuminate/Foundation/Http/Kernel.php(109): Illuminate\\Foundation\\Http\\Kernel->sendRequestThroughRouter(Object(Illuminate\\Http\\Request))
#34 /home/otgpanel2017/public_html/[WEBSITES]/efodia.com/user/api/public/index.php(55): Illuminate\\Foundation\\Http\\Kernel->handle(Object(Illuminate\\Http\\Request))
#35 {main}
"} 
[2021-08-26 21:56:04] local.ERROR: file_put_contents(C:\Users\pc\efodia\storage\framework\views/b7043580f7147b6ff6d5ac05edf2ef3175296b86.php): failed to open stream: No such file or directory {"exception":"[object] (ErrorException(code: 0): file_put_contents(C:\\Users\\pc\\efodia\\storage\\framework\\views/b7043580f7147b6ff6d5ac05edf2ef3175296b86.php): failed to open stream: No such file or directory at /home/otgpanel2017/public_html/[WEBSITES]/efodia.com/user/api/vendor/laravel/framework/src/Illuminate/Filesystem/Filesystem.php:135)
[stacktrace]
#0 [internal function]: Illuminate\\Foundation\\Bootstrap\\HandleExceptions->handleError(2, 'file_put_conten...', '/home/otgpanel2...', 135, Array)
#1 /home/otgpanel2017/public_html/[WEBSITES]/efodia.com/user/api/vendor/laravel/framework/src/Illuminate/Filesystem/Filesystem.php(135): file_put_contents('C:\\\\Users\\\\pc\\\\efo...', '<?php $__env->s...', 0)
#2 /home/otgpanel2017/public_html/[WEBSITES]/efodia.com/user/api/vendor/laravel/framework/src/Illuminate/View/Compilers/BladeCompiler.php(150): Illuminate\\Filesystem\\Filesystem->put('C:\\\\Users\\\\pc\\\\efo...', '<?php $__env->s...')
#3 /home/otgpanel2017/public_html/[WEBSITES]/efodia.com/user/api/vendor/laravel/framework/src/Illuminate/View/Engines/CompilerEngine.php(51): Illuminate\\View\\Compilers\\BladeCompiler->compile('/home/otgpanel2...')
#4 /home/otgpanel2017/public_html/[WEBSITES]/efodia.com/user/api/vendor/facade/ignition/src/Views/Engines/CompilerEngine.php(37): Illuminate\\View\\Engines\\CompilerEngine->get('/home/otgpanel2...', Array)
#5 /home/otgpanel2017/public_html/[WEBSITES]/efodia.com/user/api/vendor/laravel/framework/src/Illuminate/View/View.php(139): Facade\\Ignition\\Views\\Engines\\CompilerEngine->get('/home/otgpanel2...', Array)
#6 /home/otgpanel2017/public_html/[WEBSITES]/efodia.com/user/api/vendor/laravel/framework/src/Illuminate/View/View.php(122): Illuminate\\View\\View->getContents()
#7 /home/otgpanel2017/public_html/[WEBSITES]/efodia.com/user/api/vendor/laravel/framework/src/Illuminate/View/View.php(91): Illuminate\\View\\View->renderContents()
#8 /home/otgpanel2017/public_html/[WEBSITES]/efodia.com/user/api/vendor/laravel/framework/src/Illuminate/Http/Response.php(62): Illuminate\\View\\View->render()
#9 /home/otgpanel2017/public_html/[WEBSITES]/efodia.com/user/api/vendor/laravel/framework/src/Illuminate/Http/Response.php(34): Illuminate\\Http\\Response->setContent(Object(Illuminate\\View\\View))
#10 /home/otgpanel2017/public_html/[WEBSITES]/efodia.com/user/api/vendor/laravel/framework/src/Illuminate/Routing/ResponseFactory.php(55): Illuminate\\Http\\Response->__construct(Object(Illuminate\\View\\View), 404, Array)
#11 /home/otgpanel2017/public_html/[WEBSITES]/efodia.com/user/api/vendor/laravel/framework/src/Illuminate/Routing/ResponseFactory.php(85): Illuminate\\Routing\\ResponseFactory->make(Object(Illuminate\\View\\View), 404, Array)
#12 /home/otgpanel2017/public_html/[WEBSITES]/efodia.com/user/api/vendor/laravel/framework/src/Illuminate/Foundation/Exceptions/Handler.php(409): Illuminate\\Routing\\ResponseFactory->view('errors::404', Array, 404, Array)
#13 /home/otgpanel2017/public_html/[WEBSITES]/efodia.com/user/api/vendor/laravel/framework/src/Illuminate/Foundation/Exceptions/Handler.php(314): Illuminate\\Foundation\\Exceptions\\Handler->renderHttpException(Object(Symfony\\Component\\HttpKernel\\Exception\\NotFoundHttpException))
#14 /home/otgpanel2017/public_html/[WEBSITES]/efodia.com/user/api/vendor/laravel/framework/src/Illuminate/Foundation/Exceptions/Handler.php(211): Illuminate\\Foundation\\Exceptions\\Handler->prepareResponse(Object(Illuminate\\Http\\Request), Object(Symfony\\Component\\HttpKernel\\Exception\\NotFoundHttpException))
#15 /home/otgpanel2017/public_html/[WEBSITES]/efodia.com/user/api/app/Exceptions/Handler.php(53): Illuminate\\Foundation\\Exceptions\\Handler->render(Object(Illuminate\\Http\\Request), Object(Symfony\\Component\\HttpKernel\\Exception\\NotFoundHttpException))
#16 /home/otgpanel2017/public_html/[WEBSITES]/efodia.com/user/api/vendor/laravel/framework/src/Illuminate/Routing/Pipeline.php(51): App\\Exceptions\\Handler->render(Object(Illuminate\\Http\\Request), Object(Symfony\\Component\\HttpKernel\\Exception\\NotFoundHttpException))
#17 /home/otgpanel2017/public_html/[WEBSITES]/efodia.com/user/api/vendor/laravel/framework/src/Illuminate/Pipeline/Pipeline.php(130): Illuminate\\Routing\\Pipeline->handleException(Object(Illuminate\\Http\\Request), Object(Symfony\\Component\\HttpKernel\\Exception\\NotFoundHttpException))
#18 /home/otgpanel2017/public_html/[WEBSITES]/efodia.com/user/api/vendor/laravel/framework/src/Illuminate/Foundation/Http/Middleware/TransformsRequest.php(21): Illuminate\\Pipeline\\Pipeline->Illuminate\\Pipeline\\{closure}(Object(Illuminate\\Http\\Request))
#19 /home/otgpanel2017/public_html/[WEBSITES]/efodia.com/user/api/vendor/laravel/framework/src/Illuminate/Pipeline/Pipeline.php(167): Illuminate\\Foundation\\Http\\Middleware\\TransformsRequest->handle(Object(Illuminate\\Http\\Request), Object(Closure))
#20 /home/otgpanel2017/public_html/[WEBSITES]/efodia.com/user/api/vendor/laravel/framework/src/Illuminate/Foundation/Http/Middleware/TransformsRequest.php(21): Illuminate\\Pipeline\\Pipeline->Illuminate\\Pipeline\\{closure}(Object(Illuminate\\Http\\Request))
#21 /home/otgpanel2017/public_html/[WEBSITES]/efodia.com/user/api/vendor/laravel/framework/src/Illuminate/Pipeline/Pipeline.php(167): Illuminate\\Foundation\\Http\\Middleware\\TransformsRequest->handle(Object(Illuminate\\Http\\Request), Object(Closure))
#22 /home/otgpanel2017/public_html/[WEBSITES]/efodia.com/user/api/vendor/laravel/framework/src/Illuminate/Foundation/Http/Middleware/ValidatePostSize.php(27): Illuminate\\Pipeline\\Pipeline->Illuminate\\Pipeline\\{closure}(Object(Illuminate\\Http\\Request))
#23 /home/otgpanel2017/public_html/[WEBSITES]/efodia.com/user/api/vendor/laravel/framework/src/Illuminate/Pipeline/Pipeline.php(167): Illuminate\\Foundation\\Http\\Middleware\\ValidatePostSize->handle(Object(Illuminate\\Http\\Request), Object(Closure))
#24 /home/otgpanel2017/public_html/[WEBSITES]/efodia.com/user/api/vendor/laravel/framework/src/Illuminate/Foundation/Http/Middleware/CheckForMaintenanceMode.php(63): Illuminate\\Pipeline\\Pipeline->Illuminate\\Pipeline\\{closure}(Object(Illuminate\\Http\\Request))
#25 /home/otgpanel2017/public_html/[WEBSITES]/efodia.com/user/api/vendor/laravel/framework/src/Illuminate/Pipeline/Pipeline.php(167): Illuminate\\Foundation\\Http\\Middleware\\CheckForMaintenanceMode->handle(Object(Illuminate\\Http\\Request), Object(Closure))
#26 /home/otgpanel2017/public_html/[WEBSITES]/efodia.com/user/api/vendor/fruitcake/laravel-cors/src/HandleCors.php(37): Illuminate\\Pipeline\\Pipeline->Illuminate\\Pipeline\\{closure}(Object(Illuminate\\Http\\Request))
#27 /home/otgpanel2017/public_html/[WEBSITES]/efodia.com/user/api/vendor/laravel/framework/src/Illuminate/Pipeline/Pipeline.php(167): Fruitcake\\Cors\\HandleCors->handle(Object(Illuminate\\Http\\Request), Object(Closure))
#28 /home/otgpanel2017/public_html/[WEBSITES]/efodia.com/user/api/vendor/fideloper/proxy/src/TrustProxies.php(57): Illuminate\\Pipeline\\Pipeline->Illuminate\\Pipeline\\{closure}(Object(Illuminate\\Http\\Request))
#29 /home/otgpanel2017/public_html/[WEBSITES]/efodia.com/user/api/vendor/laravel/framework/src/Illuminate/Pipeline/Pipeline.php(167): Fideloper\\Proxy\\TrustProxies->handle(Object(Illuminate\\Http\\Request), Object(Closure))
#30 /home/otgpanel2017/public_html/[WEBSITES]/efodia.com/user/api/vendor/laravel/framework/src/Illuminate/Pipeline/Pipeline.php(103): Illuminate\\Pipeline\\Pipeline->Illuminate\\Pipeline\\{closure}(Object(Illuminate\\Http\\Request))
#31 /home/otgpanel2017/public_html/[WEBSITES]/efodia.com/user/api/vendor/laravel/framework/src/Illuminate/Foundation/Http/Kernel.php(140): Illuminate\\Pipeline\\Pipeline->then(Object(Closure))
#32 /home/otgpanel2017/public_html/[WEBSITES]/efodia.com/user/api/vendor/laravel/framework/src/Illuminate/Foundation/Http/Kernel.php(109): Illuminate\\Foundation\\Http\\Kernel->sendRequestThroughRouter(Object(Illuminate\\Http\\Request))
#33 /home/otgpanel2017/public_html/[WEBSITES]/efodia.com/user/api/public/index.php(55): Illuminate\\Foundation\\Http\\Kernel->handle(Object(Illuminate\\Http\\Request))
#34 {main}
"} 
[2021-08-26 21:56:54] local.ERROR: Route [login] not defined. {"exception":"[object] (Symfony\\Component\\Routing\\Exception\\RouteNotFoundException(code: 0): Route [login] not defined. at /home/otgpanel2017/public_html/[WEBSITES]/efodia.com/user/api/vendor/laravel/framework/src/Illuminate/Routing/UrlGenerator.php:420)
[stacktrace]
#0 /home/otgpanel2017/public_html/[WEBSITES]/efodia.com/user/api/vendor/laravel/framework/src/Illuminate/Foundation/helpers.php(768): Illuminate\\Routing\\UrlGenerator->route('login', Array, true)
#1 /home/otgpanel2017/public_html/[WEBSITES]/efodia.com/user/api/app/Http/Middleware/Authenticate.php(18): route('login')
#2 /home/otgpanel2017/public_html/[WEBSITES]/efodia.com/user/api/vendor/laravel/framework/src/Illuminate/Auth/Middleware/Authenticate.php(83): App\\Http\\Middleware\\Authenticate->redirectTo(Object(Illuminate\\Http\\Request))
#3 /home/otgpanel2017/public_html/[WEBSITES]/efodia.com/user/api/vendor/laravel/framework/src/Illuminate/Auth/Middleware/Authenticate.php(68): Illuminate\\Auth\\Middleware\\Authenticate->unauthenticated(Object(Illuminate\\Http\\Request), Array)
#4 /home/otgpanel2017/public_html/[WEBSITES]/efodia.com/user/api/vendor/laravel/framework/src/Illuminate/Auth/Middleware/Authenticate.php(42): Illuminate\\Auth\\Middleware\\Authenticate->authenticate(Object(Illuminate\\Http\\Request), Array)
#5 /home/otgpanel2017/public_html/[WEBSITES]/efodia.com/user/api/vendor/laravel/framework/src/Illuminate/Pipeline/Pipeline.php(167): Illuminate\\Auth\\Middleware\\Authenticate->handle(Object(Illuminate\\Http\\Request), Object(Closure), 'api')
#6 /home/otgpanel2017/public_html/[WEBSITES]/efodia.com/user/api/vendor/laravel/framework/src/Illuminate/Pipeline/Pipeline.php(103): Illuminate\\Pipeline\\Pipeline->Illuminate\\Pipeline\\{closure}(Object(Illuminate\\Http\\Request))
#7 /home/otgpanel2017/public_html/[WEBSITES]/efodia.com/user/api/vendor/laravel/framework/src/Illuminate/Routing/Router.php(687): Illuminate\\Pipeline\\Pipeline->then(Object(Closure))
#8 /home/otgpanel2017/public_html/[WEBSITES]/efodia.com/user/api/vendor/laravel/framework/src/Illuminate/Routing/Router.php(662): Illuminate\\Routing\\Router->runRouteWithinStack(Object(Illuminate\\Routing\\Route), Object(Illuminate\\Http\\Request))
#9 /home/otgpanel2017/public_html/[WEBSITES]/efodia.com/user/api/vendor/laravel/framework/src/Illuminate/Routing/Router.php(628): Illuminate\\Routing\\Router->runRoute(Object(Illuminate\\Http\\Request), Object(Illuminate\\Routing\\Route))
#10 /home/otgpanel2017/public_html/[WEBSITES]/efodia.com/user/api/vendor/laravel/framework/src/Illuminate/Routing/Router.php(617): Illuminate\\Routing\\Router->dispatchToRoute(Object(Illuminate\\Http\\Request))
#11 /home/otgpanel2017/public_html/[WEBSITES]/efodia.com/user/api/vendor/laravel/framework/src/Illuminate/Foundation/Http/Kernel.php(165): Illuminate\\Routing\\Router->dispatch(Object(Illuminate\\Http\\Request))
#12 /home/otgpanel2017/public_html/[WEBSITES]/efodia.com/user/api/vendor/laravel/framework/src/Illuminate/Pipeline/Pipeline.php(128): Illuminate\\Foundation\\Http\\Kernel->Illuminate\\Foundation\\Http\\{closure}(Object(Illuminate\\Http\\Request))
#13 /home/otgpanel2017/public_html/[WEBSITES]/efodia.com/user/api/vendor/laravel/framework/src/Illuminate/Foundation/Http/Middleware/TransformsRequest.php(21): Illuminate\\Pipeline\\Pipeline->Illuminate\\Pipeline\\{closure}(Object(Illuminate\\Http\\Request))
#14 /home/otgpanel2017/public_html/[WEBSITES]/efodia.com/user/api/vendor/laravel/framework/src/Illuminate/Pipeline/Pipeline.php(167): Illuminate\\Foundation\\Http\\Middleware\\TransformsRequest->handle(Object(Illuminate\\Http\\Request), Object(Closure))
#15 /home/otgpanel2017/public_html/[WEBSITES]/efodia.com/user/api/vendor/laravel/framework/src/Illuminate/Foundation/Http/Middleware/TransformsRequest.php(21): Illuminate\\Pipeline\\Pipeline->Illuminate\\Pipeline\\{closure}(Object(Illuminate\\Http\\Request))
#16 /home/otgpanel2017/public_html/[WEBSITES]/efodia.com/user/api/vendor/laravel/framework/src/Illuminate/Pipeline/Pipeline.php(167): Illuminate\\Foundation\\Http\\Middleware\\TransformsRequest->handle(Object(Illuminate\\Http\\Request), Object(Closure))
#17 /home/otgpanel2017/public_html/[WEBSITES]/efodia.com/user/api/vendor/laravel/framework/src/Illuminate/Foundation/Http/Middleware/ValidatePostSize.php(27): Illuminate\\Pipeline\\Pipeline->Illuminate\\Pipeline\\{closure}(Object(Illuminate\\Http\\Request))
#18 /home/otgpanel2017/public_html/[WEBSITES]/efodia.com/user/api/vendor/laravel/framework/src/Illuminate/Pipeline/Pipeline.php(167): Illuminate\\Foundation\\Http\\Middleware\\ValidatePostSize->handle(Object(Illuminate\\Http\\Request), Object(Closure))
#19 /home/otgpanel2017/public_html/[WEBSITES]/efodia.com/user/api/vendor/laravel/framework/src/Illuminate/Foundation/Http/Middleware/CheckForMaintenanceMode.php(63): Illuminate\\Pipeline\\Pipeline->Illuminate\\Pipeline\\{closure}(Object(Illuminate\\Http\\Request))
#20 /home/otgpanel2017/public_html/[WEBSITES]/efodia.com/user/api/vendor/laravel/framework/src/Illuminate/Pipeline/Pipeline.php(167): Illuminate\\Foundation\\Http\\Middleware\\CheckForMaintenanceMode->handle(Object(Illuminate\\Http\\Request), Object(Closure))
#21 /home/otgpanel2017/public_html/[WEBSITES]/efodia.com/user/api/vendor/fruitcake/laravel-cors/src/HandleCors.php(37): Illuminate\\Pipeline\\Pipeline->Illuminate\\Pipeline\\{closure}(Object(Illuminate\\Http\\Request))
#22 /home/otgpanel2017/public_html/[WEBSITES]/efodia.com/user/api/vendor/laravel/framework/src/Illuminate/Pipeline/Pipeline.php(167): Fruitcake\\Cors\\HandleCors->handle(Object(Illuminate\\Http\\Request), Object(Closure))
#23 /home/otgpanel2017/public_html/[WEBSITES]/efodia.com/user/api/vendor/fideloper/proxy/src/TrustProxies.php(57): Illuminate\\Pipeline\\Pipeline->Illuminate\\Pipeline\\{closure}(Object(Illuminate\\Http\\Request))
#24 /home/otgpanel2017/public_html/[WEBSITES]/efodia.com/user/api/vendor/laravel/framework/src/Illuminate/Pipeline/Pipeline.php(167): Fideloper\\Proxy\\TrustProxies->handle(Object(Illuminate\\Http\\Request), Object(Closure))
#25 /home/otgpanel2017/public_html/[WEBSITES]/efodia.com/user/api/vendor/laravel/framework/src/Illuminate/Pipeline/Pipeline.php(103): Illuminate\\Pipeline\\Pipeline->Illuminate\\Pipeline\\{closure}(Object(Illuminate\\Http\\Request))
#26 /home/otgpanel2017/public_html/[WEBSITES]/efodia.com/user/api/vendor/laravel/framework/src/Illuminate/Foundation/Http/Kernel.php(140): Illuminate\\Pipeline\\Pipeline->then(Object(Closure))
#27 /home/otgpanel2017/public_html/[WEBSITES]/efodia.com/user/api/vendor/laravel/framework/src/Illuminate/Foundation/Http/Kernel.php(109): Illuminate\\Foundation\\Http\\Kernel->sendRequestThroughRouter(Object(Illuminate\\Http\\Request))
#28 /home/otgpanel2017/public_html/[WEBSITES]/efodia.com/user/api/public/index.php(55): Illuminate\\Foundation\\Http\\Kernel->handle(Object(Illuminate\\Http\\Request))
#29 {main}
"} 
[2021-08-26 21:56:55] local.ERROR: file_put_contents(C:\Users\pc\efodia\storage\framework\views/b7043580f7147b6ff6d5ac05edf2ef3175296b86.php): failed to open stream: No such file or directory {"exception":"[object] (ErrorException(code: 0): file_put_contents(C:\\Users\\pc\\efodia\\storage\\framework\\views/b7043580f7147b6ff6d5ac05edf2ef3175296b86.php): failed to open stream: No such file or directory at /home/otgpanel2017/public_html/[WEBSITES]/efodia.com/user/api/vendor/laravel/framework/src/Illuminate/Filesystem/Filesystem.php:135)
[stacktrace]
#0 [internal function]: Illuminate\\Foundation\\Bootstrap\\HandleExceptions->handleError(2, 'file_put_conten...', '/home/otgpanel2...', 135, Array)
#1 /home/otgpanel2017/public_html/[WEBSITES]/efodia.com/user/api/vendor/laravel/framework/src/Illuminate/Filesystem/Filesystem.php(135): file_put_contents('C:\\\\Users\\\\pc\\\\efo...', '<?php $__env->s...', 0)
#2 /home/otgpanel2017/public_html/[WEBSITES]/efodia.com/user/api/vendor/laravel/framework/src/Illuminate/View/Compilers/BladeCompiler.php(150): Illuminate\\Filesystem\\Filesystem->put('C:\\\\Users\\\\pc\\\\efo...', '<?php $__env->s...')
#3 /home/otgpanel2017/public_html/[WEBSITES]/efodia.com/user/api/vendor/laravel/framework/src/Illuminate/View/Engines/CompilerEngine.php(51): Illuminate\\View\\Compilers\\BladeCompiler->compile('/home/otgpanel2...')
#4 /home/otgpanel2017/public_html/[WEBSITES]/efodia.com/user/api/vendor/facade/ignition/src/Views/Engines/CompilerEngine.php(37): Illuminate\\View\\Engines\\CompilerEngine->get('/home/otgpanel2...', Array)
#5 /home/otgpanel2017/public_html/[WEBSITES]/efodia.com/user/api/vendor/laravel/framework/src/Illuminate/View/View.php(139): Facade\\Ignition\\Views\\Engines\\CompilerEngine->get('/home/otgpanel2...', Array)
#6 /home/otgpanel2017/public_html/[WEBSITES]/efodia.com/user/api/vendor/laravel/framework/src/Illuminate/View/View.php(122): Illuminate\\View\\View->getContents()
#7 /home/otgpanel2017/public_html/[WEBSITES]/efodia.com/user/api/vendor/laravel/framework/src/Illuminate/View/View.php(91): Illuminate\\View\\View->renderContents()
#8 /home/otgpanel2017/public_html/[WEBSITES]/efodia.com/user/api/vendor/laravel/framework/src/Illuminate/Http/Response.php(62): Illuminate\\View\\View->render()
#9 /home/otgpanel2017/public_html/[WEBSITES]/efodia.com/user/api/vendor/laravel/framework/src/Illuminate/Http/Response.php(34): Illuminate\\Http\\Response->setContent(Object(Illuminate\\View\\View))
#10 /home/otgpanel2017/public_html/[WEBSITES]/efodia.com/user/api/vendor/laravel/framework/src/Illuminate/Routing/ResponseFactory.php(55): Illuminate\\Http\\Response->__construct(Object(Illuminate\\View\\View), 404, Array)
#11 /home/otgpanel2017/public_html/[WEBSITES]/efodia.com/user/api/vendor/laravel/framework/src/Illuminate/Routing/ResponseFactory.php(85): Illuminate\\Routing\\ResponseFactory->make(Object(Illuminate\\View\\View), 404, Array)
#12 /home/otgpanel2017/public_html/[WEBSITES]/efodia.com/user/api/vendor/laravel/framework/src/Illuminate/Foundation/Exceptions/Handler.php(409): Illuminate\\Routing\\ResponseFactory->view('errors::404', Array, 404, Array)
#13 /home/otgpanel2017/public_html/[WEBSITES]/efodia.com/user/api/vendor/laravel/framework/src/Illuminate/Foundation/Exceptions/Handler.php(314): Illuminate\\Foundation\\Exceptions\\Handler->renderHttpException(Object(Symfony\\Component\\HttpKernel\\Exception\\NotFoundHttpException))
#14 /home/otgpanel2017/public_html/[WEBSITES]/efodia.com/user/api/vendor/laravel/framework/src/Illuminate/Foundation/Exceptions/Handler.php(211): Illuminate\\Foundation\\Exceptions\\Handler->prepareResponse(Object(Illuminate\\Http\\Request), Object(Symfony\\Component\\HttpKernel\\Exception\\NotFoundHttpException))
#15 /home/otgpanel2017/public_html/[WEBSITES]/efodia.com/user/api/app/Exceptions/Handler.php(53): Illuminate\\Foundation\\Exceptions\\Handler->render(Object(Illuminate\\Http\\Request), Object(Symfony\\Component\\HttpKernel\\Exception\\NotFoundHttpException))
#16 /home/otgpanel2017/public_html/[WEBSITES]/efodia.com/user/api/vendor/laravel/framework/src/Illuminate/Routing/Pipeline.php(51): App\\Exceptions\\Handler->render(Object(Illuminate\\Http\\Request), Object(Symfony\\Component\\HttpKernel\\Exception\\NotFoundHttpException))
#17 /home/otgpanel2017/public_html/[WEBSITES]/efodia.com/user/api/vendor/laravel/framework/src/Illuminate/Pipeline/Pipeline.php(130): Illuminate\\Routing\\Pipeline->handleException(Object(Illuminate\\Http\\Request), Object(Symfony\\Component\\HttpKernel\\Exception\\NotFoundHttpException))
#18 /home/otgpanel2017/public_html/[WEBSITES]/efodia.com/user/api/vendor/laravel/framework/src/Illuminate/Foundation/Http/Middleware/TransformsRequest.php(21): Illuminate\\Pipeline\\Pipeline->Illuminate\\Pipeline\\{closure}(Object(Illuminate\\Http\\Request))
#19 /home/otgpanel2017/public_html/[WEBSITES]/efodia.com/user/api/vendor/laravel/framework/src/Illuminate/Pipeline/Pipeline.php(167): Illuminate\\Foundation\\Http\\Middleware\\TransformsRequest->handle(Object(Illuminate\\Http\\Request), Object(Closure))
#20 /home/otgpanel2017/public_html/[WEBSITES]/efodia.com/user/api/vendor/laravel/framework/src/Illuminate/Foundation/Http/Middleware/TransformsRequest.php(21): Illuminate\\Pipeline\\Pipeline->Illuminate\\Pipeline\\{closure}(Object(Illuminate\\Http\\Request))
#21 /home/otgpanel2017/public_html/[WEBSITES]/efodia.com/user/api/vendor/laravel/framework/src/Illuminate/Pipeline/Pipeline.php(167): Illuminate\\Foundation\\Http\\Middleware\\TransformsRequest->handle(Object(Illuminate\\Http\\Request), Object(Closure))
#22 /home/otgpanel2017/public_html/[WEBSITES]/efodia.com/user/api/vendor/laravel/framework/src/Illuminate/Foundation/Http/Middleware/ValidatePostSize.php(27): Illuminate\\Pipeline\\Pipeline->Illuminate\\Pipeline\\{closure}(Object(Illuminate\\Http\\Request))
#23 /home/otgpanel2017/public_html/[WEBSITES]/efodia.com/user/api/vendor/laravel/framework/src/Illuminate/Pipeline/Pipeline.php(167): Illuminate\\Foundation\\Http\\Middleware\\ValidatePostSize->handle(Object(Illuminate\\Http\\Request), Object(Closure))
#24 /home/otgpanel2017/public_html/[WEBSITES]/efodia.com/user/api/vendor/laravel/framework/src/Illuminate/Foundation/Http/Middleware/CheckForMaintenanceMode.php(63): Illuminate\\Pipeline\\Pipeline->Illuminate\\Pipeline\\{closure}(Object(Illuminate\\Http\\Request))
#25 /home/otgpanel2017/public_html/[WEBSITES]/efodia.com/user/api/vendor/laravel/framework/src/Illuminate/Pipeline/Pipeline.php(167): Illuminate\\Foundation\\Http\\Middleware\\CheckForMaintenanceMode->handle(Object(Illuminate\\Http\\Request), Object(Closure))
#26 /home/otgpanel2017/public_html/[WEBSITES]/efodia.com/user/api/vendor/fruitcake/laravel-cors/src/HandleCors.php(37): Illuminate\\Pipeline\\Pipeline->Illuminate\\Pipeline\\{closure}(Object(Illuminate\\Http\\Request))
#27 /home/otgpanel2017/public_html/[WEBSITES]/efodia.com/user/api/vendor/laravel/framework/src/Illuminate/Pipeline/Pipeline.php(167): Fruitcake\\Cors\\HandleCors->handle(Object(Illuminate\\Http\\Request), Object(Closure))
#28 /home/otgpanel2017/public_html/[WEBSITES]/efodia.com/user/api/vendor/fideloper/proxy/src/TrustProxies.php(57): Illuminate\\Pipeline\\Pipeline->Illuminate\\Pipeline\\{closure}(Object(Illuminate\\Http\\Request))
#29 /home/otgpanel2017/public_html/[WEBSITES]/efodia.com/user/api/vendor/laravel/framework/src/Illuminate/Pipeline/Pipeline.php(167): Fideloper\\Proxy\\TrustProxies->handle(Object(Illuminate\\Http\\Request), Object(Closure))
#30 /home/otgpanel2017/public_html/[WEBSITES]/efodia.com/user/api/vendor/laravel/framework/src/Illuminate/Pipeline/Pipeline.php(103): Illuminate\\Pipeline\\Pipeline->Illuminate\\Pipeline\\{closure}(Object(Illuminate\\Http\\Request))
#31 /home/otgpanel2017/public_html/[WEBSITES]/efodia.com/user/api/vendor/laravel/framework/src/Illuminate/Foundation/Http/Kernel.php(140): Illuminate\\Pipeline\\Pipeline->then(Object(Closure))
#32 /home/otgpanel2017/public_html/[WEBSITES]/efodia.com/user/api/vendor/laravel/framework/src/Illuminate/Foundation/Http/Kernel.php(109): Illuminate\\Foundation\\Http\\Kernel->sendRequestThroughRouter(Object(Illuminate\\Http\\Request))
#33 /home/otgpanel2017/public_html/[WEBSITES]/efodia.com/user/api/public/index.php(55): Illuminate\\Foundation\\Http\\Kernel->handle(Object(Illuminate\\Http\\Request))
#34 {main}
"} 
[2021-08-26 21:59:58] local.ERROR: file_put_contents(C:\Users\pc\efodia\storage\framework\views/b7043580f7147b6ff6d5ac05edf2ef3175296b86.php): failed to open stream: No such file or directory {"exception":"[object] (ErrorException(code: 0): file_put_contents(C:\\Users\\pc\\efodia\\storage\\framework\\views/b7043580f7147b6ff6d5ac05edf2ef3175296b86.php): failed to open stream: No such file or directory at /home/otgpanel2017/public_html/[WEBSITES]/efodia.com/user/api/vendor/laravel/framework/src/Illuminate/Filesystem/Filesystem.php:135)
[stacktrace]
#0 [internal function]: Illuminate\\Foundation\\Bootstrap\\HandleExceptions->handleError(2, 'file_put_conten...', '/home/otgpanel2...', 135, Array)
#1 /home/otgpanel2017/public_html/[WEBSITES]/efodia.com/user/api/vendor/laravel/framework/src/Illuminate/Filesystem/Filesystem.php(135): file_put_contents('C:\\\\Users\\\\pc\\\\efo...', '<?php $__env->s...', 0)
#2 /home/otgpanel2017/public_html/[WEBSITES]/efodia.com/user/api/vendor/laravel/framework/src/Illuminate/View/Compilers/BladeCompiler.php(150): Illuminate\\Filesystem\\Filesystem->put('C:\\\\Users\\\\pc\\\\efo...', '<?php $__env->s...')
#3 /home/otgpanel2017/public_html/[WEBSITES]/efodia.com/user/api/vendor/laravel/framework/src/Illuminate/View/Engines/CompilerEngine.php(51): Illuminate\\View\\Compilers\\BladeCompiler->compile('/home/otgpanel2...')
#4 /home/otgpanel2017/public_html/[WEBSITES]/efodia.com/user/api/vendor/facade/ignition/src/Views/Engines/CompilerEngine.php(37): Illuminate\\View\\Engines\\CompilerEngine->get('/home/otgpanel2...', Array)
#5 /home/otgpanel2017/public_html/[WEBSITES]/efodia.com/user/api/vendor/laravel/framework/src/Illuminate/View/View.php(139): Facade\\Ignition\\Views\\Engines\\CompilerEngine->get('/home/otgpanel2...', Array)
#6 /home/otgpanel2017/public_html/[WEBSITES]/efodia.com/user/api/vendor/laravel/framework/src/Illuminate/View/View.php(122): Illuminate\\View\\View->getContents()
#7 /home/otgpanel2017/public_html/[WEBSITES]/efodia.com/user/api/vendor/laravel/framework/src/Illuminate/View/View.php(91): Illuminate\\View\\View->renderContents()
#8 /home/otgpanel2017/public_html/[WEBSITES]/efodia.com/user/api/vendor/laravel/framework/src/Illuminate/Http/Response.php(62): Illuminate\\View\\View->render()
#9 /home/otgpanel2017/public_html/[WEBSITES]/efodia.com/user/api/vendor/laravel/framework/src/Illuminate/Http/Response.php(34): Illuminate\\Http\\Response->setContent(Object(Illuminate\\View\\View))
#10 /home/otgpanel2017/public_html/[WEBSITES]/efodia.com/user/api/vendor/laravel/framework/src/Illuminate/Routing/ResponseFactory.php(55): Illuminate\\Http\\Response->__construct(Object(Illuminate\\View\\View), 404, Array)
#11 /home/otgpanel2017/public_html/[WEBSITES]/efodia.com/user/api/vendor/laravel/framework/src/Illuminate/Routing/ResponseFactory.php(85): Illuminate\\Routing\\ResponseFactory->make(Object(Illuminate\\View\\View), 404, Array)
#12 /home/otgpanel2017/public_html/[WEBSITES]/efodia.com/user/api/vendor/laravel/framework/src/Illuminate/Foundation/Exceptions/Handler.php(409): Illuminate\\Routing\\ResponseFactory->view('errors::404', Array, 404, Array)
#13 /home/otgpanel2017/public_html/[WEBSITES]/efodia.com/user/api/vendor/laravel/framework/src/Illuminate/Foundation/Exceptions/Handler.php(314): Illuminate\\Foundation\\Exceptions\\Handler->renderHttpException(Object(Symfony\\Component\\HttpKernel\\Exception\\NotFoundHttpException))
#14 /home/otgpanel2017/public_html/[WEBSITES]/efodia.com/user/api/vendor/laravel/framework/src/Illuminate/Foundation/Exceptions/Handler.php(211): Illuminate\\Foundation\\Exceptions\\Handler->prepareResponse(Object(Illuminate\\Http\\Request), Object(Symfony\\Component\\HttpKernel\\Exception\\NotFoundHttpException))
#15 /home/otgpanel2017/public_html/[WEBSITES]/efodia.com/user/api/app/Exceptions/Handler.php(53): Illuminate\\Foundation\\Exceptions\\Handler->render(Object(Illuminate\\Http\\Request), Object(Symfony\\Component\\HttpKernel\\Exception\\NotFoundHttpException))
#16 /home/otgpanel2017/public_html/[WEBSITES]/efodia.com/user/api/vendor/laravel/framework/src/Illuminate/Routing/Pipeline.php(51): App\\Exceptions\\Handler->render(Object(Illuminate\\Http\\Request), Object(Symfony\\Component\\HttpKernel\\Exception\\NotFoundHttpException))
#17 /home/otgpanel2017/public_html/[WEBSITES]/efodia.com/user/api/vendor/laravel/framework/src/Illuminate/Pipeline/Pipeline.php(130): Illuminate\\Routing\\Pipeline->handleException(Object(Illuminate\\Http\\Request), Object(Symfony\\Component\\HttpKernel\\Exception\\NotFoundHttpException))
#18 /home/otgpanel2017/public_html/[WEBSITES]/efodia.com/user/api/vendor/laravel/framework/src/Illuminate/Foundation/Http/Middleware/TransformsRequest.php(21): Illuminate\\Pipeline\\Pipeline->Illuminate\\Pipeline\\{closure}(Object(Illuminate\\Http\\Request))
#19 /home/otgpanel2017/public_html/[WEBSITES]/efodia.com/user/api/vendor/laravel/framework/src/Illuminate/Pipeline/Pipeline.php(167): Illuminate\\Foundation\\Http\\Middleware\\TransformsRequest->handle(Object(Illuminate\\Http\\Request), Object(Closure))
#20 /home/otgpanel2017/public_html/[WEBSITES]/efodia.com/user/api/vendor/laravel/framework/src/Illuminate/Foundation/Http/Middleware/TransformsRequest.php(21): Illuminate\\Pipeline\\Pipeline->Illuminate\\Pipeline\\{closure}(Object(Illuminate\\Http\\Request))
#21 /home/otgpanel2017/public_html/[WEBSITES]/efodia.com/user/api/vendor/laravel/framework/src/Illuminate/Pipeline/Pipeline.php(167): Illuminate\\Foundation\\Http\\Middleware\\TransformsRequest->handle(Object(Illuminate\\Http\\Request), Object(Closure))
#22 /home/otgpanel2017/public_html/[WEBSITES]/efodia.com/user/api/vendor/laravel/framework/src/Illuminate/Foundation/Http/Middleware/ValidatePostSize.php(27): Illuminate\\Pipeline\\Pipeline->Illuminate\\Pipeline\\{closure}(Object(Illuminate\\Http\\Request))
#23 /home/otgpanel2017/public_html/[WEBSITES]/efodia.com/user/api/vendor/laravel/framework/src/Illuminate/Pipeline/Pipeline.php(167): Illuminate\\Foundation\\Http\\Middleware\\ValidatePostSize->handle(Object(Illuminate\\Http\\Request), Object(Closure))
#24 /home/otgpanel2017/public_html/[WEBSITES]/efodia.com/user/api/vendor/laravel/framework/src/Illuminate/Foundation/Http/Middleware/CheckForMaintenanceMode.php(63): Illuminate\\Pipeline\\Pipeline->Illuminate\\Pipeline\\{closure}(Object(Illuminate\\Http\\Request))
#25 /home/otgpanel2017/public_html/[WEBSITES]/efodia.com/user/api/vendor/laravel/framework/src/Illuminate/Pipeline/Pipeline.php(167): Illuminate\\Foundation\\Http\\Middleware\\CheckForMaintenanceMode->handle(Object(Illuminate\\Http\\Request), Object(Closure))
#26 /home/otgpanel2017/public_html/[WEBSITES]/efodia.com/user/api/vendor/fruitcake/laravel-cors/src/HandleCors.php(37): Illuminate\\Pipeline\\Pipeline->Illuminate\\Pipeline\\{closure}(Object(Illuminate\\Http\\Request))
#27 /home/otgpanel2017/public_html/[WEBSITES]/efodia.com/user/api/vendor/laravel/framework/src/Illuminate/Pipeline/Pipeline.php(167): Fruitcake\\Cors\\HandleCors->handle(Object(Illuminate\\Http\\Request), Object(Closure))
#28 /home/otgpanel2017/public_html/[WEBSITES]/efodia.com/user/api/vendor/fideloper/proxy/src/TrustProxies.php(57): Illuminate\\Pipeline\\Pipeline->Illuminate\\Pipeline\\{closure}(Object(Illuminate\\Http\\Request))
#29 /home/otgpanel2017/public_html/[WEBSITES]/efodia.com/user/api/vendor/laravel/framework/src/Illuminate/Pipeline/Pipeline.php(167): Fideloper\\Proxy\\TrustProxies->handle(Object(Illuminate\\Http\\Request), Object(Closure))
#30 /home/otgpanel2017/public_html/[WEBSITES]/efodia.com/user/api/vendor/laravel/framework/src/Illuminate/Pipeline/Pipeline.php(103): Illuminate\\Pipeline\\Pipeline->Illuminate\\Pipeline\\{closure}(Object(Illuminate\\Http\\Request))
#31 /home/otgpanel2017/public_html/[WEBSITES]/efodia.com/user/api/vendor/laravel/framework/src/Illuminate/Foundation/Http/Kernel.php(140): Illuminate\\Pipeline\\Pipeline->then(Object(Closure))
#32 /home/otgpanel2017/public_html/[WEBSITES]/efodia.com/user/api/vendor/laravel/framework/src/Illuminate/Foundation/Http/Kernel.php(109): Illuminate\\Foundation\\Http\\Kernel->sendRequestThroughRouter(Object(Illuminate\\Http\\Request))
#33 /home/otgpanel2017/public_html/[WEBSITES]/efodia.com/user/api/public/index.php(55): Illuminate\\Foundation\\Http\\Kernel->handle(Object(Illuminate\\Http\\Request))
#34 {main}
"} 
[2021-08-26 22:00:08] local.ERROR: SQLSTATE[28000] [1045] Access denied for user 'root'@'localhost' (using password: NO) (SQL: select * from `users` where `email` = ahmed.yousry.shabaan2020@gmail.com limit 1) {"exception":"[object] (Illuminate\\Database\\QueryException(code: 1045): SQLSTATE[28000] [1045] Access denied for user 'root'@'localhost' (using password: NO) (SQL: select * from `users` where `email` = ahmed.yousry.shabaan2020@gmail.com limit 1) at /home/otgpanel2017/public_html/[WEBSITES]/efodia.com/user/api/vendor/laravel/framework/src/Illuminate/Database/Connection.php:671)
[stacktrace]
#0 /home/otgpanel2017/public_html/[WEBSITES]/efodia.com/user/api/vendor/laravel/framework/src/Illuminate/Database/Connection.php(631): Illuminate\\Database\\Connection->runQueryCallback('select * from `...', Array, Object(Closure))
#1 /home/otgpanel2017/public_html/[WEBSITES]/efodia.com/user/api/vendor/laravel/framework/src/Illuminate/Database/Connection.php(339): Illuminate\\Database\\Connection->run('select * from `...', Array, Object(Closure))
#2 /home/otgpanel2017/public_html/[WEBSITES]/efodia.com/user/api/vendor/laravel/framework/src/Illuminate/Database/Query/Builder.php(2270): Illuminate\\Database\\Connection->select('select * from `...', Array, true)
#3 /home/otgpanel2017/public_html/[WEBSITES]/efodia.com/user/api/vendor/laravel/framework/src/Illuminate/Database/Query/Builder.php(2258): Illuminate\\Database\\Query\\Builder->runSelect()
#4 /home/otgpanel2017/public_html/[WEBSITES]/efodia.com/user/api/vendor/laravel/framework/src/Illuminate/Database/Query/Builder.php(2753): Illuminate\\Database\\Query\\Builder->Illuminate\\Database\\Query\\{closure}()
#5 /home/otgpanel2017/public_html/[WEBSITES]/efodia.com/user/api/vendor/laravel/framework/src/Illuminate/Database/Query/Builder.php(2259): Illuminate\\Database\\Query\\Builder->onceWithColumns(Array, Object(Closure))
#6 /home/otgpanel2017/public_html/[WEBSITES]/efodia.com/user/api/vendor/laravel/framework/src/Illuminate/Database/Eloquent/Builder.php(548): Illuminate\\Database\\Query\\Builder->get(Array)
#7 /home/otgpanel2017/public_html/[WEBSITES]/efodia.com/user/api/vendor/laravel/framework/src/Illuminate/Database/Eloquent/Builder.php(532): Illuminate\\Database\\Eloquent\\Builder->getModels(Array)
#8 /home/otgpanel2017/public_html/[WEBSITES]/efodia.com/user/api/vendor/laravel/framework/src/Illuminate/Database/Concerns/BuildsQueries.php(143): Illuminate\\Database\\Eloquent\\Builder->get(Array)
#9 /home/otgpanel2017/public_html/[WEBSITES]/efodia.com/user/api/vendor/laravel/framework/src/Illuminate/Auth/EloquentUserProvider.php(131): Illuminate\\Database\\Eloquent\\Builder->first()
#10 /home/otgpanel2017/public_html/[WEBSITES]/efodia.com/user/api/vendor/tymon/jwt-auth/src/JWTGuard.php(124): Illuminate\\Auth\\EloquentUserProvider->retrieveByCredentials(Array)
#11 /home/otgpanel2017/public_html/[WEBSITES]/efodia.com/user/api/app/Http/Controllers/API/AuthController.php(113): Tymon\\JWTAuth\\JWTGuard->attempt(Array)
#12 /home/otgpanel2017/public_html/[WEBSITES]/efodia.com/user/api/vendor/laravel/framework/src/Illuminate/Routing/Controller.php(54): App\\Http\\Controllers\\API\\AuthController->SignIn(Object(Illuminate\\Http\\Request))
#13 /home/otgpanel2017/public_html/[WEBSITES]/efodia.com/user/api/vendor/laravel/framework/src/Illuminate/Routing/ControllerDispatcher.php(45): Illuminate\\Routing\\Controller->callAction('SignIn', Array)
#14 /home/otgpanel2017/public_html/[WEBSITES]/efodia.com/user/api/vendor/laravel/framework/src/Illuminate/Routing/Route.php(239): Illuminate\\Routing\\ControllerDispatcher->dispatch(Object(Illuminate\\Routing\\Route), Object(App\\Http\\Controllers\\API\\AuthController), 'SignIn')
#15 /home/otgpanel2017/public_html/[WEBSITES]/efodia.com/user/api/vendor/laravel/framework/src/Illuminate/Routing/Route.php(196): Illuminate\\Routing\\Route->runController()
#16 /home/otgpanel2017/public_html/[WEBSITES]/efodia.com/user/api/vendor/laravel/framework/src/Illuminate/Routing/Router.php(685): Illuminate\\Routing\\Route->run()
#17 /home/otgpanel2017/public_html/[WEBSITES]/efodia.com/user/api/vendor/laravel/framework/src/Illuminate/Pipeline/Pipeline.php(128): Illuminate\\Routing\\Router->Illuminate\\Routing\\{closure}(Object(Illuminate\\Http\\Request))
#18 /home/otgpanel2017/public_html/[WEBSITES]/efodia.com/user/api/vendor/laravel/framework/src/Illuminate/Routing/Middleware/SubstituteBindings.php(41): Illuminate\\Pipeline\\Pipeline->Illuminate\\Pipeline\\{closure}(Object(Illuminate\\Http\\Request))
#19 /home/otgpanel2017/public_html/[WEBSITES]/efodia.com/user/api/vendor/laravel/framework/src/Illuminate/Pipeline/Pipeline.php(167): Illuminate\\Routing\\Middleware\\SubstituteBindings->handle(Object(Illuminate\\Http\\Request), Object(Closure))
#20 /home/otgpanel2017/public_html/[WEBSITES]/efodia.com/user/api/vendor/laravel/framework/src/Illuminate/Routing/Middleware/ThrottleRequests.php(59): Illuminate\\Pipeline\\Pipeline->Illuminate\\Pipeline\\{closure}(Object(Illuminate\\Http\\Request))
#21 /home/otgpanel2017/public_html/[WEBSITES]/efodia.com/user/api/vendor/laravel/framework/src/Illuminate/Pipeline/Pipeline.php(167): Illuminate\\Routing\\Middleware\\ThrottleRequests->handle(Object(Illuminate\\Http\\Request), Object(Closure), 60, '1')
#22 /home/otgpanel2017/public_html/[WEBSITES]/efodia.com/user/api/vendor/laravel/framework/src/Illuminate/Pipeline/Pipeline.php(103): Illuminate\\Pipeline\\Pipeline->Illuminate\\Pipeline\\{closure}(Object(Illuminate\\Http\\Request))
#23 /home/otgpanel2017/public_html/[WEBSITES]/efodia.com/user/api/vendor/laravel/framework/src/Illuminate/Routing/Router.php(687): Illuminate\\Pipeline\\Pipeline->then(Object(Closure))
#24 /home/otgpanel2017/public_html/[WEBSITES]/efodia.com/user/api/vendor/laravel/framework/src/Illuminate/Routing/Router.php(662): Illuminate\\Routing\\Router->runRouteWithinStack(Object(Illuminate\\Routing\\Route), Object(Illuminate\\Http\\Request))
#25 /home/otgpanel2017/public_html/[WEBSITES]/efodia.com/user/api/vendor/laravel/framework/src/Illuminate/Routing/Router.php(628): Illuminate\\Routing\\Router->runRoute(Object(Illuminate\\Http\\Request), Object(Illuminate\\Routing\\Route))
#26 /home/otgpanel2017/public_html/[WEBSITES]/efodia.com/user/api/vendor/laravel/framework/src/Illuminate/Routing/Router.php(617): Illuminate\\Routing\\Router->dispatchToRoute(Object(Illuminate\\Http\\Request))
#27 /home/otgpanel2017/public_html/[WEBSITES]/efodia.com/user/api/vendor/laravel/framework/src/Illuminate/Foundation/Http/Kernel.php(165): Illuminate\\Routing\\Router->dispatch(Object(Illuminate\\Http\\Request))
#28 /home/otgpanel2017/public_html/[WEBSITES]/efodia.com/user/api/vendor/laravel/framework/src/Illuminate/Pipeline/Pipeline.php(128): Illuminate\\Foundation\\Http\\Kernel->Illuminate\\Foundation\\Http\\{closure}(Object(Illuminate\\Http\\Request))
#29 /home/otgpanel2017/public_html/[WEBSITES]/efodia.com/user/api/vendor/laravel/framework/src/Illuminate/Foundation/Http/Middleware/TransformsRequest.php(21): Illuminate\\Pipeline\\Pipeline->Illuminate\\Pipeline\\{closure}(Object(Illuminate\\Http\\Request))
#30 /home/otgpanel2017/public_html/[WEBSITES]/efodia.com/user/api/vendor/laravel/framework/src/Illuminate/Pipeline/Pipeline.php(167): Illuminate\\Foundation\\Http\\Middleware\\TransformsRequest->handle(Object(Illuminate\\Http\\Request), Object(Closure))
#31 /home/otgpanel2017/public_html/[WEBSITES]/efodia.com/user/api/vendor/laravel/framework/src/Illuminate/Foundation/Http/Middleware/TransformsRequest.php(21): Illuminate\\Pipeline\\Pipeline->Illuminate\\Pipeline\\{closure}(Object(Illuminate\\Http\\Request))
#32 /home/otgpanel2017/public_html/[WEBSITES]/efodia.com/user/api/vendor/laravel/framework/src/Illuminate/Pipeline/Pipeline.php(167): Illuminate\\Foundation\\Http\\Middleware\\TransformsRequest->handle(Object(Illuminate\\Http\\Request), Object(Closure))
#33 /home/otgpanel2017/public_html/[WEBSITES]/efodia.com/user/api/vendor/laravel/framework/src/Illuminate/Foundation/Http/Middleware/ValidatePostSize.php(27): Illuminate\\Pipeline\\Pipeline->Illuminate\\Pipeline\\{closure}(Object(Illuminate\\Http\\Request))
#34 /home/otgpanel2017/public_html/[WEBSITES]/efodia.com/user/api/vendor/laravel/framework/src/Illuminate/Pipeline/Pipeline.php(167): Illuminate\\Foundation\\Http\\Middleware\\ValidatePostSize->handle(Object(Illuminate\\Http\\Request), Object(Closure))
#35 /home/otgpanel2017/public_html/[WEBSITES]/efodia.com/user/api/vendor/laravel/framework/src/Illuminate/Foundation/Http/Middleware/CheckForMaintenanceMode.php(63): Illuminate\\Pipeline\\Pipeline->Illuminate\\Pipeline\\{closure}(Object(Illuminate\\Http\\Request))
#36 /home/otgpanel2017/public_html/[WEBSITES]/efodia.com/user/api/vendor/laravel/framework/src/Illuminate/Pipeline/Pipeline.php(167): Illuminate\\Foundation\\Http\\Middleware\\CheckForMaintenanceMode->handle(Object(Illuminate\\Http\\Request), Object(Closure))
#37 /home/otgpanel2017/public_html/[WEBSITES]/efodia.com/user/api/vendor/fruitcake/laravel-cors/src/HandleCors.php(37): Illuminate\\Pipeline\\Pipeline->Illuminate\\Pipeline\\{closure}(Object(Illuminate\\Http\\Request))
#38 /home/otgpanel2017/public_html/[WEBSITES]/efodia.com/user/api/vendor/laravel/framework/src/Illuminate/Pipeline/Pipeline.php(167): Fruitcake\\Cors\\HandleCors->handle(Object(Illuminate\\Http\\Request), Object(Closure))
#39 /home/otgpanel2017/public_html/[WEBSITES]/efodia.com/user/api/vendor/fideloper/proxy/src/TrustProxies.php(57): Illuminate\\Pipeline\\Pipeline->Illuminate\\Pipeline\\{closure}(Object(Illuminate\\Http\\Request))
#40 /home/otgpanel2017/public_html/[WEBSITES]/efodia.com/user/api/vendor/laravel/framework/src/Illuminate/Pipeline/Pipeline.php(167): Fideloper\\Proxy\\TrustProxies->handle(Object(Illuminate\\Http\\Request), Object(Closure))
#41 /home/otgpanel2017/public_html/[WEBSITES]/efodia.com/user/api/vendor/laravel/framework/src/Illuminate/Pipeline/Pipeline.php(103): Illuminate\\Pipeline\\Pipeline->Illuminate\\Pipeline\\{closure}(Object(Illuminate\\Http\\Request))
#42 /home/otgpanel2017/public_html/[WEBSITES]/efodia.com/user/api/vendor/laravel/framework/src/Illuminate/Foundation/Http/Kernel.php(140): Illuminate\\Pipeline\\Pipeline->then(Object(Closure))
#43 /home/otgpanel2017/public_html/[WEBSITES]/efodia.com/user/api/vendor/laravel/framework/src/Illuminate/Foundation/Http/Kernel.php(109): Illuminate\\Foundation\\Http\\Kernel->sendRequestThroughRouter(Object(Illuminate\\Http\\Request))
#44 /home/otgpanel2017/public_html/[WEBSITES]/efodia.com/user/api/public/index.php(55): Illuminate\\Foundation\\Http\\Kernel->handle(Object(Illuminate\\Http\\Request))
#45 {main}

[previous exception] [object] (PDOException(code: 1045): SQLSTATE[28000] [1045] Access denied for user 'root'@'localhost' (using password: NO) at /home/otgpanel2017/public_html/[WEBSITES]/efodia.com/user/api/vendor/laravel/framework/src/Illuminate/Database/Connectors/Connector.php:70)
[stacktrace]
#0 /home/otgpanel2017/public_html/[WEBSITES]/efodia.com/user/api/vendor/laravel/framework/src/Illuminate/Database/Connectors/Connector.php(70): PDO->__construct('mysql:host=127....', 'root', '', Array)
#1 /home/otgpanel2017/public_html/[WEBSITES]/efodia.com/user/api/vendor/laravel/framework/src/Illuminate/Database/Connectors/Connector.php(46): Illuminate\\Database\\Connectors\\Connector->createPdoConnection('mysql:host=127....', 'root', '', Array)
#2 /home/otgpanel2017/public_html/[WEBSITES]/efodia.com/user/api/vendor/laravel/framework/src/Illuminate/Database/Connectors/MySqlConnector.php(24): Illuminate\\Database\\Connectors\\Connector->createConnection('mysql:host=127....', Array, Array)
#3 /home/otgpanel2017/public_html/[WEBSITES]/efodia.com/user/api/vendor/laravel/framework/src/Illuminate/Database/Connectors/ConnectionFactory.php(184): Illuminate\\Database\\Connectors\\MySqlConnector->connect(Array)
#4 [internal function]: Illuminate\\Database\\Connectors\\ConnectionFactory->Illuminate\\Database\\Connectors\\{closure}()
#5 /home/otgpanel2017/public_html/[WEBSITES]/efodia.com/user/api/vendor/laravel/framework/src/Illuminate/Database/Connection.php(926): call_user_func(Object(Closure))
#6 /home/otgpanel2017/public_html/[WEBSITES]/efodia.com/user/api/vendor/laravel/framework/src/Illuminate/Database/Connection.php(961): Illuminate\\Database\\Connection->getPdo()
#7 /home/otgpanel2017/public_html/[WEBSITES]/efodia.com/user/api/vendor/laravel/framework/src/Illuminate/Database/Connection.php(405): Illuminate\\Database\\Connection->getReadPdo()
#8 /home/otgpanel2017/public_html/[WEBSITES]/efodia.com/user/api/vendor/laravel/framework/src/Illuminate/Database/Connection.php(331): Illuminate\\Database\\Connection->getPdoForSelect(true)
#9 /home/otgpanel2017/public_html/[WEBSITES]/efodia.com/user/api/vendor/laravel/framework/src/Illuminate/Database/Connection.php(664): Illuminate\\Database\\Connection->Illuminate\\Database\\{closure}('select * from `...', Array)
#10 /home/otgpanel2017/public_html/[WEBSITES]/efodia.com/user/api/vendor/laravel/framework/src/Illuminate/Database/Connection.php(631): Illuminate\\Database\\Connection->runQueryCallback('select * from `...', Array, Object(Closure))
#11 /home/otgpanel2017/public_html/[WEBSITES]/efodia.com/user/api/vendor/laravel/framework/src/Illuminate/Database/Connection.php(339): Illuminate\\Database\\Connection->run('select * from `...', Array, Object(Closure))
#12 /home/otgpanel2017/public_html/[WEBSITES]/efodia.com/user/api/vendor/laravel/framework/src/Illuminate/Database/Query/Builder.php(2270): Illuminate\\Database\\Connection->select('select * from `...', Array, true)
#13 /home/otgpanel2017/public_html/[WEBSITES]/efodia.com/user/api/vendor/laravel/framework/src/Illuminate/Database/Query/Builder.php(2258): Illuminate\\Database\\Query\\Builder->runSelect()
#14 /home/otgpanel2017/public_html/[WEBSITES]/efodia.com/user/api/vendor/laravel/framework/src/Illuminate/Database/Query/Builder.php(2753): Illuminate\\Database\\Query\\Builder->Illuminate\\Database\\Query\\{closure}()
#15 /home/otgpanel2017/public_html/[WEBSITES]/efodia.com/user/api/vendor/laravel/framework/src/Illuminate/Database/Query/Builder.php(2259): Illuminate\\Database\\Query\\Builder->onceWithColumns(Array, Object(Closure))
#16 /home/otgpanel2017/public_html/[WEBSITES]/efodia.com/user/api/vendor/laravel/framework/src/Illuminate/Database/Eloquent/Builder.php(548): Illuminate\\Database\\Query\\Builder->get(Array)
#17 /home/otgpanel2017/public_html/[WEBSITES]/efodia.com/user/api/vendor/laravel/framework/src/Illuminate/Database/Eloquent/Builder.php(532): Illuminate\\Database\\Eloquent\\Builder->getModels(Array)
#18 /home/otgpanel2017/public_html/[WEBSITES]/efodia.com/user/api/vendor/laravel/framework/src/Illuminate/Database/Concerns/BuildsQueries.php(143): Illuminate\\Database\\Eloquent\\Builder->get(Array)
#19 /home/otgpanel2017/public_html/[WEBSITES]/efodia.com/user/api/vendor/laravel/framework/src/Illuminate/Auth/EloquentUserProvider.php(131): Illuminate\\Database\\Eloquent\\Builder->first()
#20 /home/otgpanel2017/public_html/[WEBSITES]/efodia.com/user/api/vendor/tymon/jwt-auth/src/JWTGuard.php(124): Illuminate\\Auth\\EloquentUserProvider->retrieveByCredentials(Array)
#21 /home/otgpanel2017/public_html/[WEBSITES]/efodia.com/user/api/app/Http/Controllers/API/AuthController.php(113): Tymon\\JWTAuth\\JWTGuard->attempt(Array)
#22 /home/otgpanel2017/public_html/[WEBSITES]/efodia.com/user/api/vendor/laravel/framework/src/Illuminate/Routing/Controller.php(54): App\\Http\\Controllers\\API\\AuthController->SignIn(Object(Illuminate\\Http\\Request))
#23 /home/otgpanel2017/public_html/[WEBSITES]/efodia.com/user/api/vendor/laravel/framework/src/Illuminate/Routing/ControllerDispatcher.php(45): Illuminate\\Routing\\Controller->callAction('SignIn', Array)
#24 /home/otgpanel2017/public_html/[WEBSITES]/efodia.com/user/api/vendor/laravel/framework/src/Illuminate/Routing/Route.php(239): Illuminate\\Routing\\ControllerDispatcher->dispatch(Object(Illuminate\\Routing\\Route), Object(App\\Http\\Controllers\\API\\AuthController), 'SignIn')
#25 /home/otgpanel2017/public_html/[WEBSITES]/efodia.com/user/api/vendor/laravel/framework/src/Illuminate/Routing/Route.php(196): Illuminate\\Routing\\Route->runController()
#26 /home/otgpanel2017/public_html/[WEBSITES]/efodia.com/user/api/vendor/laravel/framework/src/Illuminate/Routing/Router.php(685): Illuminate\\Routing\\Route->run()
#27 /home/otgpanel2017/public_html/[WEBSITES]/efodia.com/user/api/vendor/laravel/framework/src/Illuminate/Pipeline/Pipeline.php(128): Illuminate\\Routing\\Router->Illuminate\\Routing\\{closure}(Object(Illuminate\\Http\\Request))
#28 /home/otgpanel2017/public_html/[WEBSITES]/efodia.com/user/api/vendor/laravel/framework/src/Illuminate/Routing/Middleware/SubstituteBindings.php(41): Illuminate\\Pipeline\\Pipeline->Illuminate\\Pipeline\\{closure}(Object(Illuminate\\Http\\Request))
#29 /home/otgpanel2017/public_html/[WEBSITES]/efodia.com/user/api/vendor/laravel/framework/src/Illuminate/Pipeline/Pipeline.php(167): Illuminate\\Routing\\Middleware\\SubstituteBindings->handle(Object(Illuminate\\Http\\Request), Object(Closure))
#30 /home/otgpanel2017/public_html/[WEBSITES]/efodia.com/user/api/vendor/laravel/framework/src/Illuminate/Routing/Middleware/ThrottleRequests.php(59): Illuminate\\Pipeline\\Pipeline->Illuminate\\Pipeline\\{closure}(Object(Illuminate\\Http\\Request))
#31 /home/otgpanel2017/public_html/[WEBSITES]/efodia.com/user/api/vendor/laravel/framework/src/Illuminate/Pipeline/Pipeline.php(167): Illuminate\\Routing\\Middleware\\ThrottleRequests->handle(Object(Illuminate\\Http\\Request), Object(Closure), 60, '1')
#32 /home/otgpanel2017/public_html/[WEBSITES]/efodia.com/user/api/vendor/laravel/framework/src/Illuminate/Pipeline/Pipeline.php(103): Illuminate\\Pipeline\\Pipeline->Illuminate\\Pipeline\\{closure}(Object(Illuminate\\Http\\Request))
#33 /home/otgpanel2017/public_html/[WEBSITES]/efodia.com/user/api/vendor/laravel/framework/src/Illuminate/Routing/Router.php(687): Illuminate\\Pipeline\\Pipeline->then(Object(Closure))
#34 /home/otgpanel2017/public_html/[WEBSITES]/efodia.com/user/api/vendor/laravel/framework/src/Illuminate/Routing/Router.php(662): Illuminate\\Routing\\Router->runRouteWithinStack(Object(Illuminate\\Routing\\Route), Object(Illuminate\\Http\\Request))
#35 /home/otgpanel2017/public_html/[WEBSITES]/efodia.com/user/api/vendor/laravel/framework/src/Illuminate/Routing/Router.php(628): Illuminate\\Routing\\Router->runRoute(Object(Illuminate\\Http\\Request), Object(Illuminate\\Routing\\Route))
#36 /home/otgpanel2017/public_html/[WEBSITES]/efodia.com/user/api/vendor/laravel/framework/src/Illuminate/Routing/Router.php(617): Illuminate\\Routing\\Router->dispatchToRoute(Object(Illuminate\\Http\\Request))
#37 /home/otgpanel2017/public_html/[WEBSITES]/efodia.com/user/api/vendor/laravel/framework/src/Illuminate/Foundation/Http/Kernel.php(165): Illuminate\\Routing\\Router->dispatch(Object(Illuminate\\Http\\Request))
#38 /home/otgpanel2017/public_html/[WEBSITES]/efodia.com/user/api/vendor/laravel/framework/src/Illuminate/Pipeline/Pipeline.php(128): Illuminate\\Foundation\\Http\\Kernel->Illuminate\\Foundation\\Http\\{closure}(Object(Illuminate\\Http\\Request))
#39 /home/otgpanel2017/public_html/[WEBSITES]/efodia.com/user/api/vendor/laravel/framework/src/Illuminate/Foundation/Http/Middleware/TransformsRequest.php(21): Illuminate\\Pipeline\\Pipeline->Illuminate\\Pipeline\\{closure}(Object(Illuminate\\Http\\Request))
#40 /home/otgpanel2017/public_html/[WEBSITES]/efodia.com/user/api/vendor/laravel/framework/src/Illuminate/Pipeline/Pipeline.php(167): Illuminate\\Foundation\\Http\\Middleware\\TransformsRequest->handle(Object(Illuminate\\Http\\Request), Object(Closure))
#41 /home/otgpanel2017/public_html/[WEBSITES]/efodia.com/user/api/vendor/laravel/framework/src/Illuminate/Foundation/Http/Middleware/TransformsRequest.php(21): Illuminate\\Pipeline\\Pipeline->Illuminate\\Pipeline\\{closure}(Object(Illuminate\\Http\\Request))
#42 /home/otgpanel2017/public_html/[WEBSITES]/efodia.com/user/api/vendor/laravel/framework/src/Illuminate/Pipeline/Pipeline.php(167): Illuminate\\Foundation\\Http\\Middleware\\TransformsRequest->handle(Object(Illuminate\\Http\\Request), Object(Closure))
#43 /home/otgpanel2017/public_html/[WEBSITES]/efodia.com/user/api/vendor/laravel/framework/src/Illuminate/Foundation/Http/Middleware/ValidatePostSize.php(27): Illuminate\\Pipeline\\Pipeline->Illuminate\\Pipeline\\{closure}(Object(Illuminate\\Http\\Request))
#44 /home/otgpanel2017/public_html/[WEBSITES]/efodia.com/user/api/vendor/laravel/framework/src/Illuminate/Pipeline/Pipeline.php(167): Illuminate\\Foundation\\Http\\Middleware\\ValidatePostSize->handle(Object(Illuminate\\Http\\Request), Object(Closure))
#45 /home/otgpanel2017/public_html/[WEBSITES]/efodia.com/user/api/vendor/laravel/framework/src/Illuminate/Foundation/Http/Middleware/CheckForMaintenanceMode.php(63): Illuminate\\Pipeline\\Pipeline->Illuminate\\Pipeline\\{closure}(Object(Illuminate\\Http\\Request))
#46 /home/otgpanel2017/public_html/[WEBSITES]/efodia.com/user/api/vendor/laravel/framework/src/Illuminate/Pipeline/Pipeline.php(167): Illuminate\\Foundation\\Http\\Middleware\\CheckForMaintenanceMode->handle(Object(Illuminate\\Http\\Request), Object(Closure))
#47 /home/otgpanel2017/public_html/[WEBSITES]/efodia.com/user/api/vendor/fruitcake/laravel-cors/src/HandleCors.php(37): Illuminate\\Pipeline\\Pipeline->Illuminate\\Pipeline\\{closure}(Object(Illuminate\\Http\\Request))
#48 /home/otgpanel2017/public_html/[WEBSITES]/efodia.com/user/api/vendor/laravel/framework/src/Illuminate/Pipeline/Pipeline.php(167): Fruitcake\\Cors\\HandleCors->handle(Object(Illuminate\\Http\\Request), Object(Closure))
#49 /home/otgpanel2017/public_html/[WEBSITES]/efodia.com/user/api/vendor/fideloper/proxy/src/TrustProxies.php(57): Illuminate\\Pipeline\\Pipeline->Illuminate\\Pipeline\\{closure}(Object(Illuminate\\Http\\Request))
#50 /home/otgpanel2017/public_html/[WEBSITES]/efodia.com/user/api/vendor/laravel/framework/src/Illuminate/Pipeline/Pipeline.php(167): Fideloper\\Proxy\\TrustProxies->handle(Object(Illuminate\\Http\\Request), Object(Closure))
#51 /home/otgpanel2017/public_html/[WEBSITES]/efodia.com/user/api/vendor/laravel/framework/src/Illuminate/Pipeline/Pipeline.php(103): Illuminate\\Pipeline\\Pipeline->Illuminate\\Pipeline\\{closure}(Object(Illuminate\\Http\\Request))
#52 /home/otgpanel2017/public_html/[WEBSITES]/efodia.com/user/api/vendor/laravel/framework/src/Illuminate/Foundation/Http/Kernel.php(140): Illuminate\\Pipeline\\Pipeline->then(Object(Closure))
#53 /home/otgpanel2017/public_html/[WEBSITES]/efodia.com/user/api/vendor/laravel/framework/src/Illuminate/Foundation/Http/Kernel.php(109): Illuminate\\Foundation\\Http\\Kernel->sendRequestThroughRouter(Object(Illuminate\\Http\\Request))
#54 /home/otgpanel2017/public_html/[WEBSITES]/efodia.com/user/api/public/index.php(55): Illuminate\\Foundation\\Http\\Kernel->handle(Object(Illuminate\\Http\\Request))
#55 {main}
"} 
[2021-08-27 02:29:44] local.ERROR: SQLSTATE[28000] [1045] Access denied for user 'root'@'localhost' (using password: NO) (SQL: select * from `users` where `email` = ahmed.yousry.shabaan2020@gmail.com limit 1) {"exception":"[object] (Illuminate\\Database\\QueryException(code: 1045): SQLSTATE[28000] [1045] Access denied for user 'root'@'localhost' (using password: NO) (SQL: select * from `users` where `email` = ahmed.yousry.shabaan2020@gmail.com limit 1) at /home/otgpanel2017/public_html/[WEBSITES]/efodia.com/user/api/vendor/laravel/framework/src/Illuminate/Database/Connection.php:671)
[stacktrace]
#0 /home/otgpanel2017/public_html/[WEBSITES]/efodia.com/user/api/vendor/laravel/framework/src/Illuminate/Database/Connection.php(631): Illuminate\\Database\\Connection->runQueryCallback('select * from `...', Array, Object(Closure))
#1 /home/otgpanel2017/public_html/[WEBSITES]/efodia.com/user/api/vendor/laravel/framework/src/Illuminate/Database/Connection.php(339): Illuminate\\Database\\Connection->run('select * from `...', Array, Object(Closure))
#2 /home/otgpanel2017/public_html/[WEBSITES]/efodia.com/user/api/vendor/laravel/framework/src/Illuminate/Database/Query/Builder.php(2270): Illuminate\\Database\\Connection->select('select * from `...', Array, true)
#3 /home/otgpanel2017/public_html/[WEBSITES]/efodia.com/user/api/vendor/laravel/framework/src/Illuminate/Database/Query/Builder.php(2258): Illuminate\\Database\\Query\\Builder->runSelect()
#4 /home/otgpanel2017/public_html/[WEBSITES]/efodia.com/user/api/vendor/laravel/framework/src/Illuminate/Database/Query/Builder.php(2753): Illuminate\\Database\\Query\\Builder->Illuminate\\Database\\Query\\{closure}()
#5 /home/otgpanel2017/public_html/[WEBSITES]/efodia.com/user/api/vendor/laravel/framework/src/Illuminate/Database/Query/Builder.php(2259): Illuminate\\Database\\Query\\Builder->onceWithColumns(Array, Object(Closure))
#6 /home/otgpanel2017/public_html/[WEBSITES]/efodia.com/user/api/vendor/laravel/framework/src/Illuminate/Database/Eloquent/Builder.php(548): Illuminate\\Database\\Query\\Builder->get(Array)
#7 /home/otgpanel2017/public_html/[WEBSITES]/efodia.com/user/api/vendor/laravel/framework/src/Illuminate/Database/Eloquent/Builder.php(532): Illuminate\\Database\\Eloquent\\Builder->getModels(Array)
#8 /home/otgpanel2017/public_html/[WEBSITES]/efodia.com/user/api/vendor/laravel/framework/src/Illuminate/Database/Concerns/BuildsQueries.php(143): Illuminate\\Database\\Eloquent\\Builder->get(Array)
#9 /home/otgpanel2017/public_html/[WEBSITES]/efodia.com/user/api/vendor/laravel/framework/src/Illuminate/Auth/EloquentUserProvider.php(131): Illuminate\\Database\\Eloquent\\Builder->first()
#10 /home/otgpanel2017/public_html/[WEBSITES]/efodia.com/user/api/vendor/tymon/jwt-auth/src/JWTGuard.php(124): Illuminate\\Auth\\EloquentUserProvider->retrieveByCredentials(Array)
#11 /home/otgpanel2017/public_html/[WEBSITES]/efodia.com/user/api/app/Http/Controllers/API/AuthController.php(113): Tymon\\JWTAuth\\JWTGuard->attempt(Array)
#12 /home/otgpanel2017/public_html/[WEBSITES]/efodia.com/user/api/vendor/laravel/framework/src/Illuminate/Routing/Controller.php(54): App\\Http\\Controllers\\API\\AuthController->SignIn(Object(Illuminate\\Http\\Request))
#13 /home/otgpanel2017/public_html/[WEBSITES]/efodia.com/user/api/vendor/laravel/framework/src/Illuminate/Routing/ControllerDispatcher.php(45): Illuminate\\Routing\\Controller->callAction('SignIn', Array)
#14 /home/otgpanel2017/public_html/[WEBSITES]/efodia.com/user/api/vendor/laravel/framework/src/Illuminate/Routing/Route.php(239): Illuminate\\Routing\\ControllerDispatcher->dispatch(Object(Illuminate\\Routing\\Route), Object(App\\Http\\Controllers\\API\\AuthController), 'SignIn')
#15 /home/otgpanel2017/public_html/[WEBSITES]/efodia.com/user/api/vendor/laravel/framework/src/Illuminate/Routing/Route.php(196): Illuminate\\Routing\\Route->runController()
#16 /home/otgpanel2017/public_html/[WEBSITES]/efodia.com/user/api/vendor/laravel/framework/src/Illuminate/Routing/Router.php(685): Illuminate\\Routing\\Route->run()
#17 /home/otgpanel2017/public_html/[WEBSITES]/efodia.com/user/api/vendor/laravel/framework/src/Illuminate/Pipeline/Pipeline.php(128): Illuminate\\Routing\\Router->Illuminate\\Routing\\{closure}(Object(Illuminate\\Http\\Request))
#18 /home/otgpanel2017/public_html/[WEBSITES]/efodia.com/user/api/vendor/laravel/framework/src/Illuminate/Routing/Middleware/SubstituteBindings.php(41): Illuminate\\Pipeline\\Pipeline->Illuminate\\Pipeline\\{closure}(Object(Illuminate\\Http\\Request))
#19 /home/otgpanel2017/public_html/[WEBSITES]/efodia.com/user/api/vendor/laravel/framework/src/Illuminate/Pipeline/Pipeline.php(167): Illuminate\\Routing\\Middleware\\SubstituteBindings->handle(Object(Illuminate\\Http\\Request), Object(Closure))
#20 /home/otgpanel2017/public_html/[WEBSITES]/efodia.com/user/api/vendor/laravel/framework/src/Illuminate/Routing/Middleware/ThrottleRequests.php(59): Illuminate\\Pipeline\\Pipeline->Illuminate\\Pipeline\\{closure}(Object(Illuminate\\Http\\Request))
#21 /home/otgpanel2017/public_html/[WEBSITES]/efodia.com/user/api/vendor/laravel/framework/src/Illuminate/Pipeline/Pipeline.php(167): Illuminate\\Routing\\Middleware\\ThrottleRequests->handle(Object(Illuminate\\Http\\Request), Object(Closure), 60, '1')
#22 /home/otgpanel2017/public_html/[WEBSITES]/efodia.com/user/api/vendor/laravel/framework/src/Illuminate/Pipeline/Pipeline.php(103): Illuminate\\Pipeline\\Pipeline->Illuminate\\Pipeline\\{closure}(Object(Illuminate\\Http\\Request))
#23 /home/otgpanel2017/public_html/[WEBSITES]/efodia.com/user/api/vendor/laravel/framework/src/Illuminate/Routing/Router.php(687): Illuminate\\Pipeline\\Pipeline->then(Object(Closure))
#24 /home/otgpanel2017/public_html/[WEBSITES]/efodia.com/user/api/vendor/laravel/framework/src/Illuminate/Routing/Router.php(662): Illuminate\\Routing\\Router->runRouteWithinStack(Object(Illuminate\\Routing\\Route), Object(Illuminate\\Http\\Request))
#25 /home/otgpanel2017/public_html/[WEBSITES]/efodia.com/user/api/vendor/laravel/framework/src/Illuminate/Routing/Router.php(628): Illuminate\\Routing\\Router->runRoute(Object(Illuminate\\Http\\Request), Object(Illuminate\\Routing\\Route))
#26 /home/otgpanel2017/public_html/[WEBSITES]/efodia.com/user/api/vendor/laravel/framework/src/Illuminate/Routing/Router.php(617): Illuminate\\Routing\\Router->dispatchToRoute(Object(Illuminate\\Http\\Request))
#27 /home/otgpanel2017/public_html/[WEBSITES]/efodia.com/user/api/vendor/laravel/framework/src/Illuminate/Foundation/Http/Kernel.php(165): Illuminate\\Routing\\Router->dispatch(Object(Illuminate\\Http\\Request))
#28 /home/otgpanel2017/public_html/[WEBSITES]/efodia.com/user/api/vendor/laravel/framework/src/Illuminate/Pipeline/Pipeline.php(128): Illuminate\\Foundation\\Http\\Kernel->Illuminate\\Foundation\\Http\\{closure}(Object(Illuminate\\Http\\Request))
#29 /home/otgpanel2017/public_html/[WEBSITES]/efodia.com/user/api/vendor/laravel/framework/src/Illuminate/Foundation/Http/Middleware/TransformsRequest.php(21): Illuminate\\Pipeline\\Pipeline->Illuminate\\Pipeline\\{closure}(Object(Illuminate\\Http\\Request))
#30 /home/otgpanel2017/public_html/[WEBSITES]/efodia.com/user/api/vendor/laravel/framework/src/Illuminate/Pipeline/Pipeline.php(167): Illuminate\\Foundation\\Http\\Middleware\\TransformsRequest->handle(Object(Illuminate\\Http\\Request), Object(Closure))
#31 /home/otgpanel2017/public_html/[WEBSITES]/efodia.com/user/api/vendor/laravel/framework/src/Illuminate/Foundation/Http/Middleware/TransformsRequest.php(21): Illuminate\\Pipeline\\Pipeline->Illuminate\\Pipeline\\{closure}(Object(Illuminate\\Http\\Request))
#32 /home/otgpanel2017/public_html/[WEBSITES]/efodia.com/user/api/vendor/laravel/framework/src/Illuminate/Pipeline/Pipeline.php(167): Illuminate\\Foundation\\Http\\Middleware\\TransformsRequest->handle(Object(Illuminate\\Http\\Request), Object(Closure))
#33 /home/otgpanel2017/public_html/[WEBSITES]/efodia.com/user/api/vendor/laravel/framework/src/Illuminate/Foundation/Http/Middleware/ValidatePostSize.php(27): Illuminate\\Pipeline\\Pipeline->Illuminate\\Pipeline\\{closure}(Object(Illuminate\\Http\\Request))
#34 /home/otgpanel2017/public_html/[WEBSITES]/efodia.com/user/api/vendor/laravel/framework/src/Illuminate/Pipeline/Pipeline.php(167): Illuminate\\Foundation\\Http\\Middleware\\ValidatePostSize->handle(Object(Illuminate\\Http\\Request), Object(Closure))
#35 /home/otgpanel2017/public_html/[WEBSITES]/efodia.com/user/api/vendor/laravel/framework/src/Illuminate/Foundation/Http/Middleware/CheckForMaintenanceMode.php(63): Illuminate\\Pipeline\\Pipeline->Illuminate\\Pipeline\\{closure}(Object(Illuminate\\Http\\Request))
#36 /home/otgpanel2017/public_html/[WEBSITES]/efodia.com/user/api/vendor/laravel/framework/src/Illuminate/Pipeline/Pipeline.php(167): Illuminate\\Foundation\\Http\\Middleware\\CheckForMaintenanceMode->handle(Object(Illuminate\\Http\\Request), Object(Closure))
#37 /home/otgpanel2017/public_html/[WEBSITES]/efodia.com/user/api/vendor/fruitcake/laravel-cors/src/HandleCors.php(37): Illuminate\\Pipeline\\Pipeline->Illuminate\\Pipeline\\{closure}(Object(Illuminate\\Http\\Request))
#38 /home/otgpanel2017/public_html/[WEBSITES]/efodia.com/user/api/vendor/laravel/framework/src/Illuminate/Pipeline/Pipeline.php(167): Fruitcake\\Cors\\HandleCors->handle(Object(Illuminate\\Http\\Request), Object(Closure))
#39 /home/otgpanel2017/public_html/[WEBSITES]/efodia.com/user/api/vendor/fideloper/proxy/src/TrustProxies.php(57): Illuminate\\Pipeline\\Pipeline->Illuminate\\Pipeline\\{closure}(Object(Illuminate\\Http\\Request))
#40 /home/otgpanel2017/public_html/[WEBSITES]/efodia.com/user/api/vendor/laravel/framework/src/Illuminate/Pipeline/Pipeline.php(167): Fideloper\\Proxy\\TrustProxies->handle(Object(Illuminate\\Http\\Request), Object(Closure))
#41 /home/otgpanel2017/public_html/[WEBSITES]/efodia.com/user/api/vendor/laravel/framework/src/Illuminate/Pipeline/Pipeline.php(103): Illuminate\\Pipeline\\Pipeline->Illuminate\\Pipeline\\{closure}(Object(Illuminate\\Http\\Request))
#42 /home/otgpanel2017/public_html/[WEBSITES]/efodia.com/user/api/vendor/laravel/framework/src/Illuminate/Foundation/Http/Kernel.php(140): Illuminate\\Pipeline\\Pipeline->then(Object(Closure))
#43 /home/otgpanel2017/public_html/[WEBSITES]/efodia.com/user/api/vendor/laravel/framework/src/Illuminate/Foundation/Http/Kernel.php(109): Illuminate\\Foundation\\Http\\Kernel->sendRequestThroughRouter(Object(Illuminate\\Http\\Request))
#44 /home/otgpanel2017/public_html/[WEBSITES]/efodia.com/user/api/public/index.php(55): Illuminate\\Foundation\\Http\\Kernel->handle(Object(Illuminate\\Http\\Request))
#45 {main}

[previous exception] [object] (PDOException(code: 1045): SQLSTATE[28000] [1045] Access denied for user 'root'@'localhost' (using password: NO) at /home/otgpanel2017/public_html/[WEBSITES]/efodia.com/user/api/vendor/laravel/framework/src/Illuminate/Database/Connectors/Connector.php:70)
[stacktrace]
#0 /home/otgpanel2017/public_html/[WEBSITES]/efodia.com/user/api/vendor/laravel/framework/src/Illuminate/Database/Connectors/Connector.php(70): PDO->__construct('mysql:host=127....', 'root', '', Array)
#1 /home/otgpanel2017/public_html/[WEBSITES]/efodia.com/user/api/vendor/laravel/framework/src/Illuminate/Database/Connectors/Connector.php(46): Illuminate\\Database\\Connectors\\Connector->createPdoConnection('mysql:host=127....', 'root', '', Array)
#2 /home/otgpanel2017/public_html/[WEBSITES]/efodia.com/user/api/vendor/laravel/framework/src/Illuminate/Database/Connectors/MySqlConnector.php(24): Illuminate\\Database\\Connectors\\Connector->createConnection('mysql:host=127....', Array, Array)
#3 /home/otgpanel2017/public_html/[WEBSITES]/efodia.com/user/api/vendor/laravel/framework/src/Illuminate/Database/Connectors/ConnectionFactory.php(184): Illuminate\\Database\\Connectors\\MySqlConnector->connect(Array)
#4 [internal function]: Illuminate\\Database\\Connectors\\ConnectionFactory->Illuminate\\Database\\Connectors\\{closure}()
#5 /home/otgpanel2017/public_html/[WEBSITES]/efodia.com/user/api/vendor/laravel/framework/src/Illuminate/Database/Connection.php(926): call_user_func(Object(Closure))
#6 /home/otgpanel2017/public_html/[WEBSITES]/efodia.com/user/api/vendor/laravel/framework/src/Illuminate/Database/Connection.php(961): Illuminate\\Database\\Connection->getPdo()
#7 /home/otgpanel2017/public_html/[WEBSITES]/efodia.com/user/api/vendor/laravel/framework/src/Illuminate/Database/Connection.php(405): Illuminate\\Database\\Connection->getReadPdo()
#8 /home/otgpanel2017/public_html/[WEBSITES]/efodia.com/user/api/vendor/laravel/framework/src/Illuminate/Database/Connection.php(331): Illuminate\\Database\\Connection->getPdoForSelect(true)
#9 /home/otgpanel2017/public_html/[WEBSITES]/efodia.com/user/api/vendor/laravel/framework/src/Illuminate/Database/Connection.php(664): Illuminate\\Database\\Connection->Illuminate\\Database\\{closure}('select * from `...', Array)
#10 /home/otgpanel2017/public_html/[WEBSITES]/efodia.com/user/api/vendor/laravel/framework/src/Illuminate/Database/Connection.php(631): Illuminate\\Database\\Connection->runQueryCallback('select * from `...', Array, Object(Closure))
#11 /home/otgpanel2017/public_html/[WEBSITES]/efodia.com/user/api/vendor/laravel/framework/src/Illuminate/Database/Connection.php(339): Illuminate\\Database\\Connection->run('select * from `...', Array, Object(Closure))
#12 /home/otgpanel2017/public_html/[WEBSITES]/efodia.com/user/api/vendor/laravel/framework/src/Illuminate/Database/Query/Builder.php(2270): Illuminate\\Database\\Connection->select('select * from `...', Array, true)
#13 /home/otgpanel2017/public_html/[WEBSITES]/efodia.com/user/api/vendor/laravel/framework/src/Illuminate/Database/Query/Builder.php(2258): Illuminate\\Database\\Query\\Builder->runSelect()
#14 /home/otgpanel2017/public_html/[WEBSITES]/efodia.com/user/api/vendor/laravel/framework/src/Illuminate/Database/Query/Builder.php(2753): Illuminate\\Database\\Query\\Builder->Illuminate\\Database\\Query\\{closure}()
#15 /home/otgpanel2017/public_html/[WEBSITES]/efodia.com/user/api/vendor/laravel/framework/src/Illuminate/Database/Query/Builder.php(2259): Illuminate\\Database\\Query\\Builder->onceWithColumns(Array, Object(Closure))
#16 /home/otgpanel2017/public_html/[WEBSITES]/efodia.com/user/api/vendor/laravel/framework/src/Illuminate/Database/Eloquent/Builder.php(548): Illuminate\\Database\\Query\\Builder->get(Array)
#17 /home/otgpanel2017/public_html/[WEBSITES]/efodia.com/user/api/vendor/laravel/framework/src/Illuminate/Database/Eloquent/Builder.php(532): Illuminate\\Database\\Eloquent\\Builder->getModels(Array)
#18 /home/otgpanel2017/public_html/[WEBSITES]/efodia.com/user/api/vendor/laravel/framework/src/Illuminate/Database/Concerns/BuildsQueries.php(143): Illuminate\\Database\\Eloquent\\Builder->get(Array)
#19 /home/otgpanel2017/public_html/[WEBSITES]/efodia.com/user/api/vendor/laravel/framework/src/Illuminate/Auth/EloquentUserProvider.php(131): Illuminate\\Database\\Eloquent\\Builder->first()
#20 /home/otgpanel2017/public_html/[WEBSITES]/efodia.com/user/api/vendor/tymon/jwt-auth/src/JWTGuard.php(124): Illuminate\\Auth\\EloquentUserProvider->retrieveByCredentials(Array)
#21 /home/otgpanel2017/public_html/[WEBSITES]/efodia.com/user/api/app/Http/Controllers/API/AuthController.php(113): Tymon\\JWTAuth\\JWTGuard->attempt(Array)
#22 /home/otgpanel2017/public_html/[WEBSITES]/efodia.com/user/api/vendor/laravel/framework/src/Illuminate/Routing/Controller.php(54): App\\Http\\Controllers\\API\\AuthController->SignIn(Object(Illuminate\\Http\\Request))
#23 /home/otgpanel2017/public_html/[WEBSITES]/efodia.com/user/api/vendor/laravel/framework/src/Illuminate/Routing/ControllerDispatcher.php(45): Illuminate\\Routing\\Controller->callAction('SignIn', Array)
#24 /home/otgpanel2017/public_html/[WEBSITES]/efodia.com/user/api/vendor/laravel/framework/src/Illuminate/Routing/Route.php(239): Illuminate\\Routing\\ControllerDispatcher->dispatch(Object(Illuminate\\Routing\\Route), Object(App\\Http\\Controllers\\API\\AuthController), 'SignIn')
#25 /home/otgpanel2017/public_html/[WEBSITES]/efodia.com/user/api/vendor/laravel/framework/src/Illuminate/Routing/Route.php(196): Illuminate\\Routing\\Route->runController()
#26 /home/otgpanel2017/public_html/[WEBSITES]/efodia.com/user/api/vendor/laravel/framework/src/Illuminate/Routing/Router.php(685): Illuminate\\Routing\\Route->run()
#27 /home/otgpanel2017/public_html/[WEBSITES]/efodia.com/user/api/vendor/laravel/framework/src/Illuminate/Pipeline/Pipeline.php(128): Illuminate\\Routing\\Router->Illuminate\\Routing\\{closure}(Object(Illuminate\\Http\\Request))
#28 /home/otgpanel2017/public_html/[WEBSITES]/efodia.com/user/api/vendor/laravel/framework/src/Illuminate/Routing/Middleware/SubstituteBindings.php(41): Illuminate\\Pipeline\\Pipeline->Illuminate\\Pipeline\\{closure}(Object(Illuminate\\Http\\Request))
#29 /home/otgpanel2017/public_html/[WEBSITES]/efodia.com/user/api/vendor/laravel/framework/src/Illuminate/Pipeline/Pipeline.php(167): Illuminate\\Routing\\Middleware\\SubstituteBindings->handle(Object(Illuminate\\Http\\Request), Object(Closure))
#30 /home/otgpanel2017/public_html/[WEBSITES]/efodia.com/user/api/vendor/laravel/framework/src/Illuminate/Routing/Middleware/ThrottleRequests.php(59): Illuminate\\Pipeline\\Pipeline->Illuminate\\Pipeline\\{closure}(Object(Illuminate\\Http\\Request))
#31 /home/otgpanel2017/public_html/[WEBSITES]/efodia.com/user/api/vendor/laravel/framework/src/Illuminate/Pipeline/Pipeline.php(167): Illuminate\\Routing\\Middleware\\ThrottleRequests->handle(Object(Illuminate\\Http\\Request), Object(Closure), 60, '1')
#32 /home/otgpanel2017/public_html/[WEBSITES]/efodia.com/user/api/vendor/laravel/framework/src/Illuminate/Pipeline/Pipeline.php(103): Illuminate\\Pipeline\\Pipeline->Illuminate\\Pipeline\\{closure}(Object(Illuminate\\Http\\Request))
#33 /home/otgpanel2017/public_html/[WEBSITES]/efodia.com/user/api/vendor/laravel/framework/src/Illuminate/Routing/Router.php(687): Illuminate\\Pipeline\\Pipeline->then(Object(Closure))
#34 /home/otgpanel2017/public_html/[WEBSITES]/efodia.com/user/api/vendor/laravel/framework/src/Illuminate/Routing/Router.php(662): Illuminate\\Routing\\Router->runRouteWithinStack(Object(Illuminate\\Routing\\Route), Object(Illuminate\\Http\\Request))
#35 /home/otgpanel2017/public_html/[WEBSITES]/efodia.com/user/api/vendor/laravel/framework/src/Illuminate/Routing/Router.php(628): Illuminate\\Routing\\Router->runRoute(Object(Illuminate\\Http\\Request), Object(Illuminate\\Routing\\Route))
#36 /home/otgpanel2017/public_html/[WEBSITES]/efodia.com/user/api/vendor/laravel/framework/src/Illuminate/Routing/Router.php(617): Illuminate\\Routing\\Router->dispatchToRoute(Object(Illuminate\\Http\\Request))
#37 /home/otgpanel2017/public_html/[WEBSITES]/efodia.com/user/api/vendor/laravel/framework/src/Illuminate/Foundation/Http/Kernel.php(165): Illuminate\\Routing\\Router->dispatch(Object(Illuminate\\Http\\Request))
#38 /home/otgpanel2017/public_html/[WEBSITES]/efodia.com/user/api/vendor/laravel/framework/src/Illuminate/Pipeline/Pipeline.php(128): Illuminate\\Foundation\\Http\\Kernel->Illuminate\\Foundation\\Http\\{closure}(Object(Illuminate\\Http\\Request))
#39 /home/otgpanel2017/public_html/[WEBSITES]/efodia.com/user/api/vendor/laravel/framework/src/Illuminate/Foundation/Http/Middleware/TransformsRequest.php(21): Illuminate\\Pipeline\\Pipeline->Illuminate\\Pipeline\\{closure}(Object(Illuminate\\Http\\Request))
#40 /home/otgpanel2017/public_html/[WEBSITES]/efodia.com/user/api/vendor/laravel/framework/src/Illuminate/Pipeline/Pipeline.php(167): Illuminate\\Foundation\\Http\\Middleware\\TransformsRequest->handle(Object(Illuminate\\Http\\Request), Object(Closure))
#41 /home/otgpanel2017/public_html/[WEBSITES]/efodia.com/user/api/vendor/laravel/framework/src/Illuminate/Foundation/Http/Middleware/TransformsRequest.php(21): Illuminate\\Pipeline\\Pipeline->Illuminate\\Pipeline\\{closure}(Object(Illuminate\\Http\\Request))
#42 /home/otgpanel2017/public_html/[WEBSITES]/efodia.com/user/api/vendor/laravel/framework/src/Illuminate/Pipeline/Pipeline.php(167): Illuminate\\Foundation\\Http\\Middleware\\TransformsRequest->handle(Object(Illuminate\\Http\\Request), Object(Closure))
#43 /home/otgpanel2017/public_html/[WEBSITES]/efodia.com/user/api/vendor/laravel/framework/src/Illuminate/Foundation/Http/Middleware/ValidatePostSize.php(27): Illuminate\\Pipeline\\Pipeline->Illuminate\\Pipeline\\{closure}(Object(Illuminate\\Http\\Request))
#44 /home/otgpanel2017/public_html/[WEBSITES]/efodia.com/user/api/vendor/laravel/framework/src/Illuminate/Pipeline/Pipeline.php(167): Illuminate\\Foundation\\Http\\Middleware\\ValidatePostSize->handle(Object(Illuminate\\Http\\Request), Object(Closure))
#45 /home/otgpanel2017/public_html/[WEBSITES]/efodia.com/user/api/vendor/laravel/framework/src/Illuminate/Foundation/Http/Middleware/CheckForMaintenanceMode.php(63): Illuminate\\Pipeline\\Pipeline->Illuminate\\Pipeline\\{closure}(Object(Illuminate\\Http\\Request))
#46 /home/otgpanel2017/public_html/[WEBSITES]/efodia.com/user/api/vendor/laravel/framework/src/Illuminate/Pipeline/Pipeline.php(167): Illuminate\\Foundation\\Http\\Middleware\\CheckForMaintenanceMode->handle(Object(Illuminate\\Http\\Request), Object(Closure))
#47 /home/otgpanel2017/public_html/[WEBSITES]/efodia.com/user/api/vendor/fruitcake/laravel-cors/src/HandleCors.php(37): Illuminate\\Pipeline\\Pipeline->Illuminate\\Pipeline\\{closure}(Object(Illuminate\\Http\\Request))
#48 /home/otgpanel2017/public_html/[WEBSITES]/efodia.com/user/api/vendor/laravel/framework/src/Illuminate/Pipeline/Pipeline.php(167): Fruitcake\\Cors\\HandleCors->handle(Object(Illuminate\\Http\\Request), Object(Closure))
#49 /home/otgpanel2017/public_html/[WEBSITES]/efodia.com/user/api/vendor/fideloper/proxy/src/TrustProxies.php(57): Illuminate\\Pipeline\\Pipeline->Illuminate\\Pipeline\\{closure}(Object(Illuminate\\Http\\Request))
#50 /home/otgpanel2017/public_html/[WEBSITES]/efodia.com/user/api/vendor/laravel/framework/src/Illuminate/Pipeline/Pipeline.php(167): Fideloper\\Proxy\\TrustProxies->handle(Object(Illuminate\\Http\\Request), Object(Closure))
#51 /home/otgpanel2017/public_html/[WEBSITES]/efodia.com/user/api/vendor/laravel/framework/src/Illuminate/Pipeline/Pipeline.php(103): Illuminate\\Pipeline\\Pipeline->Illuminate\\Pipeline\\{closure}(Object(Illuminate\\Http\\Request))
#52 /home/otgpanel2017/public_html/[WEBSITES]/efodia.com/user/api/vendor/laravel/framework/src/Illuminate/Foundation/Http/Kernel.php(140): Illuminate\\Pipeline\\Pipeline->then(Object(Closure))
#53 /home/otgpanel2017/public_html/[WEBSITES]/efodia.com/user/api/vendor/laravel/framework/src/Illuminate/Foundation/Http/Kernel.php(109): Illuminate\\Foundation\\Http\\Kernel->sendRequestThroughRouter(Object(Illuminate\\Http\\Request))
#54 /home/otgpanel2017/public_html/[WEBSITES]/efodia.com/user/api/public/index.php(55): Illuminate\\Foundation\\Http\\Kernel->handle(Object(Illuminate\\Http\\Request))
#55 {main}
"} 
[2021-08-28 15:01:36] local.ERROR: file_put_contents(C:\Users\pc\efodia\storage\framework\views/b7043580f7147b6ff6d5ac05edf2ef3175296b86.php): failed to open stream: No such file or directory {"exception":"[object] (ErrorException(code: 0): file_put_contents(C:\\Users\\pc\\efodia\\storage\\framework\\views/b7043580f7147b6ff6d5ac05edf2ef3175296b86.php): failed to open stream: No such file or directory at /home/otgpanel2017/public_html/[WEBSITES]/efodia.com/user/api/vendor/laravel/framework/src/Illuminate/Filesystem/Filesystem.php:135)
[stacktrace]
#0 [internal function]: Illuminate\\Foundation\\Bootstrap\\HandleExceptions->handleError(2, 'file_put_conten...', '/home/otgpanel2...', 135, Array)
#1 /home/otgpanel2017/public_html/[WEBSITES]/efodia.com/user/api/vendor/laravel/framework/src/Illuminate/Filesystem/Filesystem.php(135): file_put_contents('C:\\\\Users\\\\pc\\\\efo...', '<?php $__env->s...', 0)
#2 /home/otgpanel2017/public_html/[WEBSITES]/efodia.com/user/api/vendor/laravel/framework/src/Illuminate/View/Compilers/BladeCompiler.php(150): Illuminate\\Filesystem\\Filesystem->put('C:\\\\Users\\\\pc\\\\efo...', '<?php $__env->s...')
#3 /home/otgpanel2017/public_html/[WEBSITES]/efodia.com/user/api/vendor/laravel/framework/src/Illuminate/View/Engines/CompilerEngine.php(51): Illuminate\\View\\Compilers\\BladeCompiler->compile('/home/otgpanel2...')
#4 /home/otgpanel2017/public_html/[WEBSITES]/efodia.com/user/api/vendor/facade/ignition/src/Views/Engines/CompilerEngine.php(37): Illuminate\\View\\Engines\\CompilerEngine->get('/home/otgpanel2...', Array)
#5 /home/otgpanel2017/public_html/[WEBSITES]/efodia.com/user/api/vendor/laravel/framework/src/Illuminate/View/View.php(139): Facade\\Ignition\\Views\\Engines\\CompilerEngine->get('/home/otgpanel2...', Array)
#6 /home/otgpanel2017/public_html/[WEBSITES]/efodia.com/user/api/vendor/laravel/framework/src/Illuminate/View/View.php(122): Illuminate\\View\\View->getContents()
#7 /home/otgpanel2017/public_html/[WEBSITES]/efodia.com/user/api/vendor/laravel/framework/src/Illuminate/View/View.php(91): Illuminate\\View\\View->renderContents()
#8 /home/otgpanel2017/public_html/[WEBSITES]/efodia.com/user/api/vendor/laravel/framework/src/Illuminate/Http/Response.php(62): Illuminate\\View\\View->render()
#9 /home/otgpanel2017/public_html/[WEBSITES]/efodia.com/user/api/vendor/laravel/framework/src/Illuminate/Http/Response.php(34): Illuminate\\Http\\Response->setContent(Object(Illuminate\\View\\View))
#10 /home/otgpanel2017/public_html/[WEBSITES]/efodia.com/user/api/vendor/laravel/framework/src/Illuminate/Routing/ResponseFactory.php(55): Illuminate\\Http\\Response->__construct(Object(Illuminate\\View\\View), 404, Array)
#11 /home/otgpanel2017/public_html/[WEBSITES]/efodia.com/user/api/vendor/laravel/framework/src/Illuminate/Routing/ResponseFactory.php(85): Illuminate\\Routing\\ResponseFactory->make(Object(Illuminate\\View\\View), 404, Array)
#12 /home/otgpanel2017/public_html/[WEBSITES]/efodia.com/user/api/vendor/laravel/framework/src/Illuminate/Foundation/Exceptions/Handler.php(409): Illuminate\\Routing\\ResponseFactory->view('errors::404', Array, 404, Array)
#13 /home/otgpanel2017/public_html/[WEBSITES]/efodia.com/user/api/vendor/laravel/framework/src/Illuminate/Foundation/Exceptions/Handler.php(314): Illuminate\\Foundation\\Exceptions\\Handler->renderHttpException(Object(Symfony\\Component\\HttpKernel\\Exception\\NotFoundHttpException))
#14 /home/otgpanel2017/public_html/[WEBSITES]/efodia.com/user/api/vendor/laravel/framework/src/Illuminate/Foundation/Exceptions/Handler.php(211): Illuminate\\Foundation\\Exceptions\\Handler->prepareResponse(Object(Illuminate\\Http\\Request), Object(Symfony\\Component\\HttpKernel\\Exception\\NotFoundHttpException))
#15 /home/otgpanel2017/public_html/[WEBSITES]/efodia.com/user/api/app/Exceptions/Handler.php(53): Illuminate\\Foundation\\Exceptions\\Handler->render(Object(Illuminate\\Http\\Request), Object(Symfony\\Component\\HttpKernel\\Exception\\NotFoundHttpException))
#16 /home/otgpanel2017/public_html/[WEBSITES]/efodia.com/user/api/vendor/laravel/framework/src/Illuminate/Routing/Pipeline.php(51): App\\Exceptions\\Handler->render(Object(Illuminate\\Http\\Request), Object(Symfony\\Component\\HttpKernel\\Exception\\NotFoundHttpException))
#17 /home/otgpanel2017/public_html/[WEBSITES]/efodia.com/user/api/vendor/laravel/framework/src/Illuminate/Pipeline/Pipeline.php(130): Illuminate\\Routing\\Pipeline->handleException(Object(Illuminate\\Http\\Request), Object(Symfony\\Component\\HttpKernel\\Exception\\NotFoundHttpException))
#18 /home/otgpanel2017/public_html/[WEBSITES]/efodia.com/user/api/vendor/laravel/framework/src/Illuminate/Foundation/Http/Middleware/TransformsRequest.php(21): Illuminate\\Pipeline\\Pipeline->Illuminate\\Pipeline\\{closure}(Object(Illuminate\\Http\\Request))
#19 /home/otgpanel2017/public_html/[WEBSITES]/efodia.com/user/api/vendor/laravel/framework/src/Illuminate/Pipeline/Pipeline.php(167): Illuminate\\Foundation\\Http\\Middleware\\TransformsRequest->handle(Object(Illuminate\\Http\\Request), Object(Closure))
#20 /home/otgpanel2017/public_html/[WEBSITES]/efodia.com/user/api/vendor/laravel/framework/src/Illuminate/Foundation/Http/Middleware/TransformsRequest.php(21): Illuminate\\Pipeline\\Pipeline->Illuminate\\Pipeline\\{closure}(Object(Illuminate\\Http\\Request))
#21 /home/otgpanel2017/public_html/[WEBSITES]/efodia.com/user/api/vendor/laravel/framework/src/Illuminate/Pipeline/Pipeline.php(167): Illuminate\\Foundation\\Http\\Middleware\\TransformsRequest->handle(Object(Illuminate\\Http\\Request), Object(Closure))
#22 /home/otgpanel2017/public_html/[WEBSITES]/efodia.com/user/api/vendor/laravel/framework/src/Illuminate/Foundation/Http/Middleware/ValidatePostSize.php(27): Illuminate\\Pipeline\\Pipeline->Illuminate\\Pipeline\\{closure}(Object(Illuminate\\Http\\Request))
#23 /home/otgpanel2017/public_html/[WEBSITES]/efodia.com/user/api/vendor/laravel/framework/src/Illuminate/Pipeline/Pipeline.php(167): Illuminate\\Foundation\\Http\\Middleware\\ValidatePostSize->handle(Object(Illuminate\\Http\\Request), Object(Closure))
#24 /home/otgpanel2017/public_html/[WEBSITES]/efodia.com/user/api/vendor/laravel/framework/src/Illuminate/Foundation/Http/Middleware/CheckForMaintenanceMode.php(63): Illuminate\\Pipeline\\Pipeline->Illuminate\\Pipeline\\{closure}(Object(Illuminate\\Http\\Request))
#25 /home/otgpanel2017/public_html/[WEBSITES]/efodia.com/user/api/vendor/laravel/framework/src/Illuminate/Pipeline/Pipeline.php(167): Illuminate\\Foundation\\Http\\Middleware\\CheckForMaintenanceMode->handle(Object(Illuminate\\Http\\Request), Object(Closure))
#26 /home/otgpanel2017/public_html/[WEBSITES]/efodia.com/user/api/vendor/fruitcake/laravel-cors/src/HandleCors.php(37): Illuminate\\Pipeline\\Pipeline->Illuminate\\Pipeline\\{closure}(Object(Illuminate\\Http\\Request))
#27 /home/otgpanel2017/public_html/[WEBSITES]/efodia.com/user/api/vendor/laravel/framework/src/Illuminate/Pipeline/Pipeline.php(167): Fruitcake\\Cors\\HandleCors->handle(Object(Illuminate\\Http\\Request), Object(Closure))
#28 /home/otgpanel2017/public_html/[WEBSITES]/efodia.com/user/api/vendor/fideloper/proxy/src/TrustProxies.php(57): Illuminate\\Pipeline\\Pipeline->Illuminate\\Pipeline\\{closure}(Object(Illuminate\\Http\\Request))
#29 /home/otgpanel2017/public_html/[WEBSITES]/efodia.com/user/api/vendor/laravel/framework/src/Illuminate/Pipeline/Pipeline.php(167): Fideloper\\Proxy\\TrustProxies->handle(Object(Illuminate\\Http\\Request), Object(Closure))
#30 /home/otgpanel2017/public_html/[WEBSITES]/efodia.com/user/api/vendor/laravel/framework/src/Illuminate/Pipeline/Pipeline.php(103): Illuminate\\Pipeline\\Pipeline->Illuminate\\Pipeline\\{closure}(Object(Illuminate\\Http\\Request))
#31 /home/otgpanel2017/public_html/[WEBSITES]/efodia.com/user/api/vendor/laravel/framework/src/Illuminate/Foundation/Http/Kernel.php(140): Illuminate\\Pipeline\\Pipeline->then(Object(Closure))
#32 /home/otgpanel2017/public_html/[WEBSITES]/efodia.com/user/api/vendor/laravel/framework/src/Illuminate/Foundation/Http/Kernel.php(109): Illuminate\\Foundation\\Http\\Kernel->sendRequestThroughRouter(Object(Illuminate\\Http\\Request))
#33 /home/otgpanel2017/public_html/[WEBSITES]/efodia.com/user/api/public/index.php(55): Illuminate\\Foundation\\Http\\Kernel->handle(Object(Illuminate\\Http\\Request))
#34 {main}
"} 
[2021-08-29 07:11:21] local.ERROR: SQLSTATE[28000] [1045] Access denied for user 'root'@'localhost' (using password: NO) (SQL: select * from `users` where `email` = ahmed.sasa223344@gmail.com limit 1) {"exception":"[object] (Illuminate\\Database\\QueryException(code: 1045): SQLSTATE[28000] [1045] Access denied for user 'root'@'localhost' (using password: NO) (SQL: select * from `users` where `email` = ahmed.sasa223344@gmail.com limit 1) at /home/otgpanel2017/public_html/[WEBSITES]/efodia.com/user/api/vendor/laravel/framework/src/Illuminate/Database/Connection.php:671)
[stacktrace]
#0 /home/otgpanel2017/public_html/[WEBSITES]/efodia.com/user/api/vendor/laravel/framework/src/Illuminate/Database/Connection.php(631): Illuminate\\Database\\Connection->runQueryCallback('select * from `...', Array, Object(Closure))
#1 /home/otgpanel2017/public_html/[WEBSITES]/efodia.com/user/api/vendor/laravel/framework/src/Illuminate/Database/Connection.php(339): Illuminate\\Database\\Connection->run('select * from `...', Array, Object(Closure))
#2 /home/otgpanel2017/public_html/[WEBSITES]/efodia.com/user/api/vendor/laravel/framework/src/Illuminate/Database/Query/Builder.php(2270): Illuminate\\Database\\Connection->select('select * from `...', Array, true)
#3 /home/otgpanel2017/public_html/[WEBSITES]/efodia.com/user/api/vendor/laravel/framework/src/Illuminate/Database/Query/Builder.php(2258): Illuminate\\Database\\Query\\Builder->runSelect()
#4 /home/otgpanel2017/public_html/[WEBSITES]/efodia.com/user/api/vendor/laravel/framework/src/Illuminate/Database/Query/Builder.php(2753): Illuminate\\Database\\Query\\Builder->Illuminate\\Database\\Query\\{closure}()
#5 /home/otgpanel2017/public_html/[WEBSITES]/efodia.com/user/api/vendor/laravel/framework/src/Illuminate/Database/Query/Builder.php(2259): Illuminate\\Database\\Query\\Builder->onceWithColumns(Array, Object(Closure))
#6 /home/otgpanel2017/public_html/[WEBSITES]/efodia.com/user/api/vendor/laravel/framework/src/Illuminate/Database/Eloquent/Builder.php(548): Illuminate\\Database\\Query\\Builder->get(Array)
#7 /home/otgpanel2017/public_html/[WEBSITES]/efodia.com/user/api/vendor/laravel/framework/src/Illuminate/Database/Eloquent/Builder.php(532): Illuminate\\Database\\Eloquent\\Builder->getModels(Array)
#8 /home/otgpanel2017/public_html/[WEBSITES]/efodia.com/user/api/vendor/laravel/framework/src/Illuminate/Database/Concerns/BuildsQueries.php(143): Illuminate\\Database\\Eloquent\\Builder->get(Array)
#9 /home/otgpanel2017/public_html/[WEBSITES]/efodia.com/user/api/vendor/laravel/framework/src/Illuminate/Auth/EloquentUserProvider.php(131): Illuminate\\Database\\Eloquent\\Builder->first()
#10 /home/otgpanel2017/public_html/[WEBSITES]/efodia.com/user/api/vendor/tymon/jwt-auth/src/JWTGuard.php(124): Illuminate\\Auth\\EloquentUserProvider->retrieveByCredentials(Array)
#11 /home/otgpanel2017/public_html/[WEBSITES]/efodia.com/user/api/app/Http/Controllers/API/AuthController.php(113): Tymon\\JWTAuth\\JWTGuard->attempt(Array)
#12 /home/otgpanel2017/public_html/[WEBSITES]/efodia.com/user/api/vendor/laravel/framework/src/Illuminate/Routing/Controller.php(54): App\\Http\\Controllers\\API\\AuthController->SignIn(Object(Illuminate\\Http\\Request))
#13 /home/otgpanel2017/public_html/[WEBSITES]/efodia.com/user/api/vendor/laravel/framework/src/Illuminate/Routing/ControllerDispatcher.php(45): Illuminate\\Routing\\Controller->callAction('SignIn', Array)
#14 /home/otgpanel2017/public_html/[WEBSITES]/efodia.com/user/api/vendor/laravel/framework/src/Illuminate/Routing/Route.php(239): Illuminate\\Routing\\ControllerDispatcher->dispatch(Object(Illuminate\\Routing\\Route), Object(App\\Http\\Controllers\\API\\AuthController), 'SignIn')
#15 /home/otgpanel2017/public_html/[WEBSITES]/efodia.com/user/api/vendor/laravel/framework/src/Illuminate/Routing/Route.php(196): Illuminate\\Routing\\Route->runController()
#16 /home/otgpanel2017/public_html/[WEBSITES]/efodia.com/user/api/vendor/laravel/framework/src/Illuminate/Routing/Router.php(685): Illuminate\\Routing\\Route->run()
#17 /home/otgpanel2017/public_html/[WEBSITES]/efodia.com/user/api/vendor/laravel/framework/src/Illuminate/Pipeline/Pipeline.php(128): Illuminate\\Routing\\Router->Illuminate\\Routing\\{closure}(Object(Illuminate\\Http\\Request))
#18 /home/otgpanel2017/public_html/[WEBSITES]/efodia.com/user/api/vendor/laravel/framework/src/Illuminate/Routing/Middleware/SubstituteBindings.php(41): Illuminate\\Pipeline\\Pipeline->Illuminate\\Pipeline\\{closure}(Object(Illuminate\\Http\\Request))
#19 /home/otgpanel2017/public_html/[WEBSITES]/efodia.com/user/api/vendor/laravel/framework/src/Illuminate/Pipeline/Pipeline.php(167): Illuminate\\Routing\\Middleware\\SubstituteBindings->handle(Object(Illuminate\\Http\\Request), Object(Closure))
#20 /home/otgpanel2017/public_html/[WEBSITES]/efodia.com/user/api/vendor/laravel/framework/src/Illuminate/Routing/Middleware/ThrottleRequests.php(59): Illuminate\\Pipeline\\Pipeline->Illuminate\\Pipeline\\{closure}(Object(Illuminate\\Http\\Request))
#21 /home/otgpanel2017/public_html/[WEBSITES]/efodia.com/user/api/vendor/laravel/framework/src/Illuminate/Pipeline/Pipeline.php(167): Illuminate\\Routing\\Middleware\\ThrottleRequests->handle(Object(Illuminate\\Http\\Request), Object(Closure), 60, '1')
#22 /home/otgpanel2017/public_html/[WEBSITES]/efodia.com/user/api/vendor/laravel/framework/src/Illuminate/Pipeline/Pipeline.php(103): Illuminate\\Pipeline\\Pipeline->Illuminate\\Pipeline\\{closure}(Object(Illuminate\\Http\\Request))
#23 /home/otgpanel2017/public_html/[WEBSITES]/efodia.com/user/api/vendor/laravel/framework/src/Illuminate/Routing/Router.php(687): Illuminate\\Pipeline\\Pipeline->then(Object(Closure))
#24 /home/otgpanel2017/public_html/[WEBSITES]/efodia.com/user/api/vendor/laravel/framework/src/Illuminate/Routing/Router.php(662): Illuminate\\Routing\\Router->runRouteWithinStack(Object(Illuminate\\Routing\\Route), Object(Illuminate\\Http\\Request))
#25 /home/otgpanel2017/public_html/[WEBSITES]/efodia.com/user/api/vendor/laravel/framework/src/Illuminate/Routing/Router.php(628): Illuminate\\Routing\\Router->runRoute(Object(Illuminate\\Http\\Request), Object(Illuminate\\Routing\\Route))
#26 /home/otgpanel2017/public_html/[WEBSITES]/efodia.com/user/api/vendor/laravel/framework/src/Illuminate/Routing/Router.php(617): Illuminate\\Routing\\Router->dispatchToRoute(Object(Illuminate\\Http\\Request))
#27 /home/otgpanel2017/public_html/[WEBSITES]/efodia.com/user/api/vendor/laravel/framework/src/Illuminate/Foundation/Http/Kernel.php(165): Illuminate\\Routing\\Router->dispatch(Object(Illuminate\\Http\\Request))
#28 /home/otgpanel2017/public_html/[WEBSITES]/efodia.com/user/api/vendor/laravel/framework/src/Illuminate/Pipeline/Pipeline.php(128): Illuminate\\Foundation\\Http\\Kernel->Illuminate\\Foundation\\Http\\{closure}(Object(Illuminate\\Http\\Request))
#29 /home/otgpanel2017/public_html/[WEBSITES]/efodia.com/user/api/vendor/laravel/framework/src/Illuminate/Foundation/Http/Middleware/TransformsRequest.php(21): Illuminate\\Pipeline\\Pipeline->Illuminate\\Pipeline\\{closure}(Object(Illuminate\\Http\\Request))
#30 /home/otgpanel2017/public_html/[WEBSITES]/efodia.com/user/api/vendor/laravel/framework/src/Illuminate/Pipeline/Pipeline.php(167): Illuminate\\Foundation\\Http\\Middleware\\TransformsRequest->handle(Object(Illuminate\\Http\\Request), Object(Closure))
#31 /home/otgpanel2017/public_html/[WEBSITES]/efodia.com/user/api/vendor/laravel/framework/src/Illuminate/Foundation/Http/Middleware/TransformsRequest.php(21): Illuminate\\Pipeline\\Pipeline->Illuminate\\Pipeline\\{closure}(Object(Illuminate\\Http\\Request))
#32 /home/otgpanel2017/public_html/[WEBSITES]/efodia.com/user/api/vendor/laravel/framework/src/Illuminate/Pipeline/Pipeline.php(167): Illuminate\\Foundation\\Http\\Middleware\\TransformsRequest->handle(Object(Illuminate\\Http\\Request), Object(Closure))
#33 /home/otgpanel2017/public_html/[WEBSITES]/efodia.com/user/api/vendor/laravel/framework/src/Illuminate/Foundation/Http/Middleware/ValidatePostSize.php(27): Illuminate\\Pipeline\\Pipeline->Illuminate\\Pipeline\\{closure}(Object(Illuminate\\Http\\Request))
#34 /home/otgpanel2017/public_html/[WEBSITES]/efodia.com/user/api/vendor/laravel/framework/src/Illuminate/Pipeline/Pipeline.php(167): Illuminate\\Foundation\\Http\\Middleware\\ValidatePostSize->handle(Object(Illuminate\\Http\\Request), Object(Closure))
#35 /home/otgpanel2017/public_html/[WEBSITES]/efodia.com/user/api/vendor/laravel/framework/src/Illuminate/Foundation/Http/Middleware/CheckForMaintenanceMode.php(63): Illuminate\\Pipeline\\Pipeline->Illuminate\\Pipeline\\{closure}(Object(Illuminate\\Http\\Request))
#36 /home/otgpanel2017/public_html/[WEBSITES]/efodia.com/user/api/vendor/laravel/framework/src/Illuminate/Pipeline/Pipeline.php(167): Illuminate\\Foundation\\Http\\Middleware\\CheckForMaintenanceMode->handle(Object(Illuminate\\Http\\Request), Object(Closure))
#37 /home/otgpanel2017/public_html/[WEBSITES]/efodia.com/user/api/vendor/fruitcake/laravel-cors/src/HandleCors.php(37): Illuminate\\Pipeline\\Pipeline->Illuminate\\Pipeline\\{closure}(Object(Illuminate\\Http\\Request))
#38 /home/otgpanel2017/public_html/[WEBSITES]/efodia.com/user/api/vendor/laravel/framework/src/Illuminate/Pipeline/Pipeline.php(167): Fruitcake\\Cors\\HandleCors->handle(Object(Illuminate\\Http\\Request), Object(Closure))
#39 /home/otgpanel2017/public_html/[WEBSITES]/efodia.com/user/api/vendor/fideloper/proxy/src/TrustProxies.php(57): Illuminate\\Pipeline\\Pipeline->Illuminate\\Pipeline\\{closure}(Object(Illuminate\\Http\\Request))
#40 /home/otgpanel2017/public_html/[WEBSITES]/efodia.com/user/api/vendor/laravel/framework/src/Illuminate/Pipeline/Pipeline.php(167): Fideloper\\Proxy\\TrustProxies->handle(Object(Illuminate\\Http\\Request), Object(Closure))
#41 /home/otgpanel2017/public_html/[WEBSITES]/efodia.com/user/api/vendor/laravel/framework/src/Illuminate/Pipeline/Pipeline.php(103): Illuminate\\Pipeline\\Pipeline->Illuminate\\Pipeline\\{closure}(Object(Illuminate\\Http\\Request))
#42 /home/otgpanel2017/public_html/[WEBSITES]/efodia.com/user/api/vendor/laravel/framework/src/Illuminate/Foundation/Http/Kernel.php(140): Illuminate\\Pipeline\\Pipeline->then(Object(Closure))
#43 /home/otgpanel2017/public_html/[WEBSITES]/efodia.com/user/api/vendor/laravel/framework/src/Illuminate/Foundation/Http/Kernel.php(109): Illuminate\\Foundation\\Http\\Kernel->sendRequestThroughRouter(Object(Illuminate\\Http\\Request))
#44 /home/otgpanel2017/public_html/[WEBSITES]/efodia.com/user/api/public/index.php(55): Illuminate\\Foundation\\Http\\Kernel->handle(Object(Illuminate\\Http\\Request))
#45 {main}

[previous exception] [object] (PDOException(code: 1045): SQLSTATE[28000] [1045] Access denied for user 'root'@'localhost' (using password: NO) at /home/otgpanel2017/public_html/[WEBSITES]/efodia.com/user/api/vendor/laravel/framework/src/Illuminate/Database/Connectors/Connector.php:70)
[stacktrace]
#0 /home/otgpanel2017/public_html/[WEBSITES]/efodia.com/user/api/vendor/laravel/framework/src/Illuminate/Database/Connectors/Connector.php(70): PDO->__construct('mysql:host=127....', 'root', '', Array)
#1 /home/otgpanel2017/public_html/[WEBSITES]/efodia.com/user/api/vendor/laravel/framework/src/Illuminate/Database/Connectors/Connector.php(46): Illuminate\\Database\\Connectors\\Connector->createPdoConnection('mysql:host=127....', 'root', '', Array)
#2 /home/otgpanel2017/public_html/[WEBSITES]/efodia.com/user/api/vendor/laravel/framework/src/Illuminate/Database/Connectors/MySqlConnector.php(24): Illuminate\\Database\\Connectors\\Connector->createConnection('mysql:host=127....', Array, Array)
#3 /home/otgpanel2017/public_html/[WEBSITES]/efodia.com/user/api/vendor/laravel/framework/src/Illuminate/Database/Connectors/ConnectionFactory.php(184): Illuminate\\Database\\Connectors\\MySqlConnector->connect(Array)
#4 [internal function]: Illuminate\\Database\\Connectors\\ConnectionFactory->Illuminate\\Database\\Connectors\\{closure}()
#5 /home/otgpanel2017/public_html/[WEBSITES]/efodia.com/user/api/vendor/laravel/framework/src/Illuminate/Database/Connection.php(926): call_user_func(Object(Closure))
#6 /home/otgpanel2017/public_html/[WEBSITES]/efodia.com/user/api/vendor/laravel/framework/src/Illuminate/Database/Connection.php(961): Illuminate\\Database\\Connection->getPdo()
#7 /home/otgpanel2017/public_html/[WEBSITES]/efodia.com/user/api/vendor/laravel/framework/src/Illuminate/Database/Connection.php(405): Illuminate\\Database\\Connection->getReadPdo()
#8 /home/otgpanel2017/public_html/[WEBSITES]/efodia.com/user/api/vendor/laravel/framework/src/Illuminate/Database/Connection.php(331): Illuminate\\Database\\Connection->getPdoForSelect(true)
#9 /home/otgpanel2017/public_html/[WEBSITES]/efodia.com/user/api/vendor/laravel/framework/src/Illuminate/Database/Connection.php(664): Illuminate\\Database\\Connection->Illuminate\\Database\\{closure}('select * from `...', Array)
#10 /home/otgpanel2017/public_html/[WEBSITES]/efodia.com/user/api/vendor/laravel/framework/src/Illuminate/Database/Connection.php(631): Illuminate\\Database\\Connection->runQueryCallback('select * from `...', Array, Object(Closure))
#11 /home/otgpanel2017/public_html/[WEBSITES]/efodia.com/user/api/vendor/laravel/framework/src/Illuminate/Database/Connection.php(339): Illuminate\\Database\\Connection->run('select * from `...', Array, Object(Closure))
#12 /home/otgpanel2017/public_html/[WEBSITES]/efodia.com/user/api/vendor/laravel/framework/src/Illuminate/Database/Query/Builder.php(2270): Illuminate\\Database\\Connection->select('select * from `...', Array, true)
#13 /home/otgpanel2017/public_html/[WEBSITES]/efodia.com/user/api/vendor/laravel/framework/src/Illuminate/Database/Query/Builder.php(2258): Illuminate\\Database\\Query\\Builder->runSelect()
#14 /home/otgpanel2017/public_html/[WEBSITES]/efodia.com/user/api/vendor/laravel/framework/src/Illuminate/Database/Query/Builder.php(2753): Illuminate\\Database\\Query\\Builder->Illuminate\\Database\\Query\\{closure}()
#15 /home/otgpanel2017/public_html/[WEBSITES]/efodia.com/user/api/vendor/laravel/framework/src/Illuminate/Database/Query/Builder.php(2259): Illuminate\\Database\\Query\\Builder->onceWithColumns(Array, Object(Closure))
#16 /home/otgpanel2017/public_html/[WEBSITES]/efodia.com/user/api/vendor/laravel/framework/src/Illuminate/Database/Eloquent/Builder.php(548): Illuminate\\Database\\Query\\Builder->get(Array)
#17 /home/otgpanel2017/public_html/[WEBSITES]/efodia.com/user/api/vendor/laravel/framework/src/Illuminate/Database/Eloquent/Builder.php(532): Illuminate\\Database\\Eloquent\\Builder->getModels(Array)
#18 /home/otgpanel2017/public_html/[WEBSITES]/efodia.com/user/api/vendor/laravel/framework/src/Illuminate/Database/Concerns/BuildsQueries.php(143): Illuminate\\Database\\Eloquent\\Builder->get(Array)
#19 /home/otgpanel2017/public_html/[WEBSITES]/efodia.com/user/api/vendor/laravel/framework/src/Illuminate/Auth/EloquentUserProvider.php(131): Illuminate\\Database\\Eloquent\\Builder->first()
#20 /home/otgpanel2017/public_html/[WEBSITES]/efodia.com/user/api/vendor/tymon/jwt-auth/src/JWTGuard.php(124): Illuminate\\Auth\\EloquentUserProvider->retrieveByCredentials(Array)
#21 /home/otgpanel2017/public_html/[WEBSITES]/efodia.com/user/api/app/Http/Controllers/API/AuthController.php(113): Tymon\\JWTAuth\\JWTGuard->attempt(Array)
#22 /home/otgpanel2017/public_html/[WEBSITES]/efodia.com/user/api/vendor/laravel/framework/src/Illuminate/Routing/Controller.php(54): App\\Http\\Controllers\\API\\AuthController->SignIn(Object(Illuminate\\Http\\Request))
#23 /home/otgpanel2017/public_html/[WEBSITES]/efodia.com/user/api/vendor/laravel/framework/src/Illuminate/Routing/ControllerDispatcher.php(45): Illuminate\\Routing\\Controller->callAction('SignIn', Array)
#24 /home/otgpanel2017/public_html/[WEBSITES]/efodia.com/user/api/vendor/laravel/framework/src/Illuminate/Routing/Route.php(239): Illuminate\\Routing\\ControllerDispatcher->dispatch(Object(Illuminate\\Routing\\Route), Object(App\\Http\\Controllers\\API\\AuthController), 'SignIn')
#25 /home/otgpanel2017/public_html/[WEBSITES]/efodia.com/user/api/vendor/laravel/framework/src/Illuminate/Routing/Route.php(196): Illuminate\\Routing\\Route->runController()
#26 /home/otgpanel2017/public_html/[WEBSITES]/efodia.com/user/api/vendor/laravel/framework/src/Illuminate/Routing/Router.php(685): Illuminate\\Routing\\Route->run()
#27 /home/otgpanel2017/public_html/[WEBSITES]/efodia.com/user/api/vendor/laravel/framework/src/Illuminate/Pipeline/Pipeline.php(128): Illuminate\\Routing\\Router->Illuminate\\Routing\\{closure}(Object(Illuminate\\Http\\Request))
#28 /home/otgpanel2017/public_html/[WEBSITES]/efodia.com/user/api/vendor/laravel/framework/src/Illuminate/Routing/Middleware/SubstituteBindings.php(41): Illuminate\\Pipeline\\Pipeline->Illuminate\\Pipeline\\{closure}(Object(Illuminate\\Http\\Request))
#29 /home/otgpanel2017/public_html/[WEBSITES]/efodia.com/user/api/vendor/laravel/framework/src/Illuminate/Pipeline/Pipeline.php(167): Illuminate\\Routing\\Middleware\\SubstituteBindings->handle(Object(Illuminate\\Http\\Request), Object(Closure))
#30 /home/otgpanel2017/public_html/[WEBSITES]/efodia.com/user/api/vendor/laravel/framework/src/Illuminate/Routing/Middleware/ThrottleRequests.php(59): Illuminate\\Pipeline\\Pipeline->Illuminate\\Pipeline\\{closure}(Object(Illuminate\\Http\\Request))
#31 /home/otgpanel2017/public_html/[WEBSITES]/efodia.com/user/api/vendor/laravel/framework/src/Illuminate/Pipeline/Pipeline.php(167): Illuminate\\Routing\\Middleware\\ThrottleRequests->handle(Object(Illuminate\\Http\\Request), Object(Closure), 60, '1')
#32 /home/otgpanel2017/public_html/[WEBSITES]/efodia.com/user/api/vendor/laravel/framework/src/Illuminate/Pipeline/Pipeline.php(103): Illuminate\\Pipeline\\Pipeline->Illuminate\\Pipeline\\{closure}(Object(Illuminate\\Http\\Request))
#33 /home/otgpanel2017/public_html/[WEBSITES]/efodia.com/user/api/vendor/laravel/framework/src/Illuminate/Routing/Router.php(687): Illuminate\\Pipeline\\Pipeline->then(Object(Closure))
#34 /home/otgpanel2017/public_html/[WEBSITES]/efodia.com/user/api/vendor/laravel/framework/src/Illuminate/Routing/Router.php(662): Illuminate\\Routing\\Router->runRouteWithinStack(Object(Illuminate\\Routing\\Route), Object(Illuminate\\Http\\Request))
#35 /home/otgpanel2017/public_html/[WEBSITES]/efodia.com/user/api/vendor/laravel/framework/src/Illuminate/Routing/Router.php(628): Illuminate\\Routing\\Router->runRoute(Object(Illuminate\\Http\\Request), Object(Illuminate\\Routing\\Route))
#36 /home/otgpanel2017/public_html/[WEBSITES]/efodia.com/user/api/vendor/laravel/framework/src/Illuminate/Routing/Router.php(617): Illuminate\\Routing\\Router->dispatchToRoute(Object(Illuminate\\Http\\Request))
#37 /home/otgpanel2017/public_html/[WEBSITES]/efodia.com/user/api/vendor/laravel/framework/src/Illuminate/Foundation/Http/Kernel.php(165): Illuminate\\Routing\\Router->dispatch(Object(Illuminate\\Http\\Request))
#38 /home/otgpanel2017/public_html/[WEBSITES]/efodia.com/user/api/vendor/laravel/framework/src/Illuminate/Pipeline/Pipeline.php(128): Illuminate\\Foundation\\Http\\Kernel->Illuminate\\Foundation\\Http\\{closure}(Object(Illuminate\\Http\\Request))
#39 /home/otgpanel2017/public_html/[WEBSITES]/efodia.com/user/api/vendor/laravel/framework/src/Illuminate/Foundation/Http/Middleware/TransformsRequest.php(21): Illuminate\\Pipeline\\Pipeline->Illuminate\\Pipeline\\{closure}(Object(Illuminate\\Http\\Request))
#40 /home/otgpanel2017/public_html/[WEBSITES]/efodia.com/user/api/vendor/laravel/framework/src/Illuminate/Pipeline/Pipeline.php(167): Illuminate\\Foundation\\Http\\Middleware\\TransformsRequest->handle(Object(Illuminate\\Http\\Request), Object(Closure))
#41 /home/otgpanel2017/public_html/[WEBSITES]/efodia.com/user/api/vendor/laravel/framework/src/Illuminate/Foundation/Http/Middleware/TransformsRequest.php(21): Illuminate\\Pipeline\\Pipeline->Illuminate\\Pipeline\\{closure}(Object(Illuminate\\Http\\Request))
#42 /home/otgpanel2017/public_html/[WEBSITES]/efodia.com/user/api/vendor/laravel/framework/src/Illuminate/Pipeline/Pipeline.php(167): Illuminate\\Foundation\\Http\\Middleware\\TransformsRequest->handle(Object(Illuminate\\Http\\Request), Object(Closure))
#43 /home/otgpanel2017/public_html/[WEBSITES]/efodia.com/user/api/vendor/laravel/framework/src/Illuminate/Foundation/Http/Middleware/ValidatePostSize.php(27): Illuminate\\Pipeline\\Pipeline->Illuminate\\Pipeline\\{closure}(Object(Illuminate\\Http\\Request))
#44 /home/otgpanel2017/public_html/[WEBSITES]/efodia.com/user/api/vendor/laravel/framework/src/Illuminate/Pipeline/Pipeline.php(167): Illuminate\\Foundation\\Http\\Middleware\\ValidatePostSize->handle(Object(Illuminate\\Http\\Request), Object(Closure))
#45 /home/otgpanel2017/public_html/[WEBSITES]/efodia.com/user/api/vendor/laravel/framework/src/Illuminate/Foundation/Http/Middleware/CheckForMaintenanceMode.php(63): Illuminate\\Pipeline\\Pipeline->Illuminate\\Pipeline\\{closure}(Object(Illuminate\\Http\\Request))
#46 /home/otgpanel2017/public_html/[WEBSITES]/efodia.com/user/api/vendor/laravel/framework/src/Illuminate/Pipeline/Pipeline.php(167): Illuminate\\Foundation\\Http\\Middleware\\CheckForMaintenanceMode->handle(Object(Illuminate\\Http\\Request), Object(Closure))
#47 /home/otgpanel2017/public_html/[WEBSITES]/efodia.com/user/api/vendor/fruitcake/laravel-cors/src/HandleCors.php(37): Illuminate\\Pipeline\\Pipeline->Illuminate\\Pipeline\\{closure}(Object(Illuminate\\Http\\Request))
#48 /home/otgpanel2017/public_html/[WEBSITES]/efodia.com/user/api/vendor/laravel/framework/src/Illuminate/Pipeline/Pipeline.php(167): Fruitcake\\Cors\\HandleCors->handle(Object(Illuminate\\Http\\Request), Object(Closure))
#49 /home/otgpanel2017/public_html/[WEBSITES]/efodia.com/user/api/vendor/fideloper/proxy/src/TrustProxies.php(57): Illuminate\\Pipeline\\Pipeline->Illuminate\\Pipeline\\{closure}(Object(Illuminate\\Http\\Request))
#50 /home/otgpanel2017/public_html/[WEBSITES]/efodia.com/user/api/vendor/laravel/framework/src/Illuminate/Pipeline/Pipeline.php(167): Fideloper\\Proxy\\TrustProxies->handle(Object(Illuminate\\Http\\Request), Object(Closure))
#51 /home/otgpanel2017/public_html/[WEBSITES]/efodia.com/user/api/vendor/laravel/framework/src/Illuminate/Pipeline/Pipeline.php(103): Illuminate\\Pipeline\\Pipeline->Illuminate\\Pipeline\\{closure}(Object(Illuminate\\Http\\Request))
#52 /home/otgpanel2017/public_html/[WEBSITES]/efodia.com/user/api/vendor/laravel/framework/src/Illuminate/Foundation/Http/Kernel.php(140): Illuminate\\Pipeline\\Pipeline->then(Object(Closure))
#53 /home/otgpanel2017/public_html/[WEBSITES]/efodia.com/user/api/vendor/laravel/framework/src/Illuminate/Foundation/Http/Kernel.php(109): Illuminate\\Foundation\\Http\\Kernel->sendRequestThroughRouter(Object(Illuminate\\Http\\Request))
#54 /home/otgpanel2017/public_html/[WEBSITES]/efodia.com/user/api/public/index.php(55): Illuminate\\Foundation\\Http\\Kernel->handle(Object(Illuminate\\Http\\Request))
#55 {main}
"} 
[2021-08-29 07:14:57] local.ERROR: SQLSTATE[28000] [1045] Access denied for user 'root'@'localhost' (using password: NO) (SQL: select count(*) as aggregate from `users` where `email` = ahmed.sasa223344@gmail.com) {"exception":"[object] (Illuminate\\Database\\QueryException(code: 1045): SQLSTATE[28000] [1045] Access denied for user 'root'@'localhost' (using password: NO) (SQL: select count(*) as aggregate from `users` where `email` = ahmed.sasa223344@gmail.com) at /home/otgpanel2017/public_html/[WEBSITES]/efodia.com/user/api/vendor/laravel/framework/src/Illuminate/Database/Connection.php:671)
[stacktrace]
#0 /home/otgpanel2017/public_html/[WEBSITES]/efodia.com/user/api/vendor/laravel/framework/src/Illuminate/Database/Connection.php(631): Illuminate\\Database\\Connection->runQueryCallback('select count(*)...', Array, Object(Closure))
#1 /home/otgpanel2017/public_html/[WEBSITES]/efodia.com/user/api/vendor/laravel/framework/src/Illuminate/Database/Connection.php(339): Illuminate\\Database\\Connection->run('select count(*)...', Array, Object(Closure))
#2 /home/otgpanel2017/public_html/[WEBSITES]/efodia.com/user/api/vendor/laravel/framework/src/Illuminate/Database/Query/Builder.php(2270): Illuminate\\Database\\Connection->select('select count(*)...', Array, false)
#3 /home/otgpanel2017/public_html/[WEBSITES]/efodia.com/user/api/vendor/laravel/framework/src/Illuminate/Database/Query/Builder.php(2258): Illuminate\\Database\\Query\\Builder->runSelect()
#4 /home/otgpanel2017/public_html/[WEBSITES]/efodia.com/user/api/vendor/laravel/framework/src/Illuminate/Database/Query/Builder.php(2753): Illuminate\\Database\\Query\\Builder->Illuminate\\Database\\Query\\{closure}()
#5 /home/otgpanel2017/public_html/[WEBSITES]/efodia.com/user/api/vendor/laravel/framework/src/Illuminate/Database/Query/Builder.php(2259): Illuminate\\Database\\Query\\Builder->onceWithColumns(Array, Object(Closure))
#6 /home/otgpanel2017/public_html/[WEBSITES]/efodia.com/user/api/vendor/laravel/framework/src/Illuminate/Database/Query/Builder.php(2680): Illuminate\\Database\\Query\\Builder->get(Array)
#7 /home/otgpanel2017/public_html/[WEBSITES]/efodia.com/user/api/vendor/laravel/framework/src/Illuminate/Database/Query/Builder.php(2608): Illuminate\\Database\\Query\\Builder->aggregate('count', Array)
#8 /home/otgpanel2017/public_html/[WEBSITES]/efodia.com/user/api/vendor/laravel/framework/src/Illuminate/Validation/DatabasePresenceVerifier.php(55): Illuminate\\Database\\Query\\Builder->count()
#9 /home/otgpanel2017/public_html/[WEBSITES]/efodia.com/user/api/vendor/laravel/framework/src/Illuminate/Validation/Concerns/ValidatesAttributes.php(765): Illuminate\\Validation\\DatabasePresenceVerifier->getCount('users', 'email', 'ahmed.sasa22334...', NULL, 'id', Array)
#10 /home/otgpanel2017/public_html/[WEBSITES]/efodia.com/user/api/vendor/laravel/framework/src/Illuminate/Validation/Validator.php(554): Illuminate\\Validation\\Validator->validateUnique('email', 'ahmed.sasa22334...', Array, Object(Illuminate\\Validation\\Validator))
#11 /home/otgpanel2017/public_html/[WEBSITES]/efodia.com/user/api/vendor/laravel/framework/src/Illuminate/Validation/Validator.php(377): Illuminate\\Validation\\Validator->validateAttribute('email', 'Unique')
#12 /home/otgpanel2017/public_html/[WEBSITES]/efodia.com/user/api/vendor/laravel/framework/src/Illuminate/Validation/Validator.php(408): Illuminate\\Validation\\Validator->passes()
#13 /home/otgpanel2017/public_html/[WEBSITES]/efodia.com/user/api/app/Http/Controllers/API/AuthController.php(42): Illuminate\\Validation\\Validator->fails()
#14 /home/otgpanel2017/public_html/[WEBSITES]/efodia.com/user/api/vendor/laravel/framework/src/Illuminate/Routing/Controller.php(54): App\\Http\\Controllers\\API\\AuthController->SignUp(Object(Illuminate\\Http\\Request))
#15 /home/otgpanel2017/public_html/[WEBSITES]/efodia.com/user/api/vendor/laravel/framework/src/Illuminate/Routing/ControllerDispatcher.php(45): Illuminate\\Routing\\Controller->callAction('SignUp', Array)
#16 /home/otgpanel2017/public_html/[WEBSITES]/efodia.com/user/api/vendor/laravel/framework/src/Illuminate/Routing/Route.php(239): Illuminate\\Routing\\ControllerDispatcher->dispatch(Object(Illuminate\\Routing\\Route), Object(App\\Http\\Controllers\\API\\AuthController), 'SignUp')
#17 /home/otgpanel2017/public_html/[WEBSITES]/efodia.com/user/api/vendor/laravel/framework/src/Illuminate/Routing/Route.php(196): Illuminate\\Routing\\Route->runController()
#18 /home/otgpanel2017/public_html/[WEBSITES]/efodia.com/user/api/vendor/laravel/framework/src/Illuminate/Routing/Router.php(685): Illuminate\\Routing\\Route->run()
#19 /home/otgpanel2017/public_html/[WEBSITES]/efodia.com/user/api/vendor/laravel/framework/src/Illuminate/Pipeline/Pipeline.php(128): Illuminate\\Routing\\Router->Illuminate\\Routing\\{closure}(Object(Illuminate\\Http\\Request))
#20 /home/otgpanel2017/public_html/[WEBSITES]/efodia.com/user/api/vendor/laravel/framework/src/Illuminate/Routing/Middleware/SubstituteBindings.php(41): Illuminate\\Pipeline\\Pipeline->Illuminate\\Pipeline\\{closure}(Object(Illuminate\\Http\\Request))
#21 /home/otgpanel2017/public_html/[WEBSITES]/efodia.com/user/api/vendor/laravel/framework/src/Illuminate/Pipeline/Pipeline.php(167): Illuminate\\Routing\\Middleware\\SubstituteBindings->handle(Object(Illuminate\\Http\\Request), Object(Closure))
#22 /home/otgpanel2017/public_html/[WEBSITES]/efodia.com/user/api/vendor/laravel/framework/src/Illuminate/Routing/Middleware/ThrottleRequests.php(59): Illuminate\\Pipeline\\Pipeline->Illuminate\\Pipeline\\{closure}(Object(Illuminate\\Http\\Request))
#23 /home/otgpanel2017/public_html/[WEBSITES]/efodia.com/user/api/vendor/laravel/framework/src/Illuminate/Pipeline/Pipeline.php(167): Illuminate\\Routing\\Middleware\\ThrottleRequests->handle(Object(Illuminate\\Http\\Request), Object(Closure), 60, '1')
#24 /home/otgpanel2017/public_html/[WEBSITES]/efodia.com/user/api/vendor/laravel/framework/src/Illuminate/Pipeline/Pipeline.php(103): Illuminate\\Pipeline\\Pipeline->Illuminate\\Pipeline\\{closure}(Object(Illuminate\\Http\\Request))
#25 /home/otgpanel2017/public_html/[WEBSITES]/efodia.com/user/api/vendor/laravel/framework/src/Illuminate/Routing/Router.php(687): Illuminate\\Pipeline\\Pipeline->then(Object(Closure))
#26 /home/otgpanel2017/public_html/[WEBSITES]/efodia.com/user/api/vendor/laravel/framework/src/Illuminate/Routing/Router.php(662): Illuminate\\Routing\\Router->runRouteWithinStack(Object(Illuminate\\Routing\\Route), Object(Illuminate\\Http\\Request))
#27 /home/otgpanel2017/public_html/[WEBSITES]/efodia.com/user/api/vendor/laravel/framework/src/Illuminate/Routing/Router.php(628): Illuminate\\Routing\\Router->runRoute(Object(Illuminate\\Http\\Request), Object(Illuminate\\Routing\\Route))
#28 /home/otgpanel2017/public_html/[WEBSITES]/efodia.com/user/api/vendor/laravel/framework/src/Illuminate/Routing/Router.php(617): Illuminate\\Routing\\Router->dispatchToRoute(Object(Illuminate\\Http\\Request))
#29 /home/otgpanel2017/public_html/[WEBSITES]/efodia.com/user/api/vendor/laravel/framework/src/Illuminate/Foundation/Http/Kernel.php(165): Illuminate\\Routing\\Router->dispatch(Object(Illuminate\\Http\\Request))
#30 /home/otgpanel2017/public_html/[WEBSITES]/efodia.com/user/api/vendor/laravel/framework/src/Illuminate/Pipeline/Pipeline.php(128): Illuminate\\Foundation\\Http\\Kernel->Illuminate\\Foundation\\Http\\{closure}(Object(Illuminate\\Http\\Request))
#31 /home/otgpanel2017/public_html/[WEBSITES]/efodia.com/user/api/vendor/laravel/framework/src/Illuminate/Foundation/Http/Middleware/TransformsRequest.php(21): Illuminate\\Pipeline\\Pipeline->Illuminate\\Pipeline\\{closure}(Object(Illuminate\\Http\\Request))
#32 /home/otgpanel2017/public_html/[WEBSITES]/efodia.com/user/api/vendor/laravel/framework/src/Illuminate/Pipeline/Pipeline.php(167): Illuminate\\Foundation\\Http\\Middleware\\TransformsRequest->handle(Object(Illuminate\\Http\\Request), Object(Closure))
#33 /home/otgpanel2017/public_html/[WEBSITES]/efodia.com/user/api/vendor/laravel/framework/src/Illuminate/Foundation/Http/Middleware/TransformsRequest.php(21): Illuminate\\Pipeline\\Pipeline->Illuminate\\Pipeline\\{closure}(Object(Illuminate\\Http\\Request))
#34 /home/otgpanel2017/public_html/[WEBSITES]/efodia.com/user/api/vendor/laravel/framework/src/Illuminate/Pipeline/Pipeline.php(167): Illuminate\\Foundation\\Http\\Middleware\\TransformsRequest->handle(Object(Illuminate\\Http\\Request), Object(Closure))
#35 /home/otgpanel2017/public_html/[WEBSITES]/efodia.com/user/api/vendor/laravel/framework/src/Illuminate/Foundation/Http/Middleware/ValidatePostSize.php(27): Illuminate\\Pipeline\\Pipeline->Illuminate\\Pipeline\\{closure}(Object(Illuminate\\Http\\Request))
#36 /home/otgpanel2017/public_html/[WEBSITES]/efodia.com/user/api/vendor/laravel/framework/src/Illuminate/Pipeline/Pipeline.php(167): Illuminate\\Foundation\\Http\\Middleware\\ValidatePostSize->handle(Object(Illuminate\\Http\\Request), Object(Closure))
#37 /home/otgpanel2017/public_html/[WEBSITES]/efodia.com/user/api/vendor/laravel/framework/src/Illuminate/Foundation/Http/Middleware/CheckForMaintenanceMode.php(63): Illuminate\\Pipeline\\Pipeline->Illuminate\\Pipeline\\{closure}(Object(Illuminate\\Http\\Request))
#38 /home/otgpanel2017/public_html/[WEBSITES]/efodia.com/user/api/vendor/laravel/framework/src/Illuminate/Pipeline/Pipeline.php(167): Illuminate\\Foundation\\Http\\Middleware\\CheckForMaintenanceMode->handle(Object(Illuminate\\Http\\Request), Object(Closure))
#39 /home/otgpanel2017/public_html/[WEBSITES]/efodia.com/user/api/vendor/fruitcake/laravel-cors/src/HandleCors.php(37): Illuminate\\Pipeline\\Pipeline->Illuminate\\Pipeline\\{closure}(Object(Illuminate\\Http\\Request))
#40 /home/otgpanel2017/public_html/[WEBSITES]/efodia.com/user/api/vendor/laravel/framework/src/Illuminate/Pipeline/Pipeline.php(167): Fruitcake\\Cors\\HandleCors->handle(Object(Illuminate\\Http\\Request), Object(Closure))
#41 /home/otgpanel2017/public_html/[WEBSITES]/efodia.com/user/api/vendor/fideloper/proxy/src/TrustProxies.php(57): Illuminate\\Pipeline\\Pipeline->Illuminate\\Pipeline\\{closure}(Object(Illuminate\\Http\\Request))
#42 /home/otgpanel2017/public_html/[WEBSITES]/efodia.com/user/api/vendor/laravel/framework/src/Illuminate/Pipeline/Pipeline.php(167): Fideloper\\Proxy\\TrustProxies->handle(Object(Illuminate\\Http\\Request), Object(Closure))
#43 /home/otgpanel2017/public_html/[WEBSITES]/efodia.com/user/api/vendor/laravel/framework/src/Illuminate/Pipeline/Pipeline.php(103): Illuminate\\Pipeline\\Pipeline->Illuminate\\Pipeline\\{closure}(Object(Illuminate\\Http\\Request))
#44 /home/otgpanel2017/public_html/[WEBSITES]/efodia.com/user/api/vendor/laravel/framework/src/Illuminate/Foundation/Http/Kernel.php(140): Illuminate\\Pipeline\\Pipeline->then(Object(Closure))
#45 /home/otgpanel2017/public_html/[WEBSITES]/efodia.com/user/api/vendor/laravel/framework/src/Illuminate/Foundation/Http/Kernel.php(109): Illuminate\\Foundation\\Http\\Kernel->sendRequestThroughRouter(Object(Illuminate\\Http\\Request))
#46 /home/otgpanel2017/public_html/[WEBSITES]/efodia.com/user/api/public/index.php(55): Illuminate\\Foundation\\Http\\Kernel->handle(Object(Illuminate\\Http\\Request))
#47 {main}

[previous exception] [object] (PDOException(code: 1045): SQLSTATE[28000] [1045] Access denied for user 'root'@'localhost' (using password: NO) at /home/otgpanel2017/public_html/[WEBSITES]/efodia.com/user/api/vendor/laravel/framework/src/Illuminate/Database/Connectors/Connector.php:70)
[stacktrace]
#0 /home/otgpanel2017/public_html/[WEBSITES]/efodia.com/user/api/vendor/laravel/framework/src/Illuminate/Database/Connectors/Connector.php(70): PDO->__construct('mysql:host=127....', 'root', '', Array)
#1 /home/otgpanel2017/public_html/[WEBSITES]/efodia.com/user/api/vendor/laravel/framework/src/Illuminate/Database/Connectors/Connector.php(46): Illuminate\\Database\\Connectors\\Connector->createPdoConnection('mysql:host=127....', 'root', '', Array)
#2 /home/otgpanel2017/public_html/[WEBSITES]/efodia.com/user/api/vendor/laravel/framework/src/Illuminate/Database/Connectors/MySqlConnector.php(24): Illuminate\\Database\\Connectors\\Connector->createConnection('mysql:host=127....', Array, Array)
#3 /home/otgpanel2017/public_html/[WEBSITES]/efodia.com/user/api/vendor/laravel/framework/src/Illuminate/Database/Connectors/ConnectionFactory.php(184): Illuminate\\Database\\Connectors\\MySqlConnector->connect(Array)
#4 [internal function]: Illuminate\\Database\\Connectors\\ConnectionFactory->Illuminate\\Database\\Connectors\\{closure}()
#5 /home/otgpanel2017/public_html/[WEBSITES]/efodia.com/user/api/vendor/laravel/framework/src/Illuminate/Database/Connection.php(926): call_user_func(Object(Closure))
#6 /home/otgpanel2017/public_html/[WEBSITES]/efodia.com/user/api/vendor/laravel/framework/src/Illuminate/Database/Connection.php(405): Illuminate\\Database\\Connection->getPdo()
#7 /home/otgpanel2017/public_html/[WEBSITES]/efodia.com/user/api/vendor/laravel/framework/src/Illuminate/Database/Connection.php(331): Illuminate\\Database\\Connection->getPdoForSelect(false)
#8 /home/otgpanel2017/public_html/[WEBSITES]/efodia.com/user/api/vendor/laravel/framework/src/Illuminate/Database/Connection.php(664): Illuminate\\Database\\Connection->Illuminate\\Database\\{closure}('select count(*)...', Array)
#9 /home/otgpanel2017/public_html/[WEBSITES]/efodia.com/user/api/vendor/laravel/framework/src/Illuminate/Database/Connection.php(631): Illuminate\\Database\\Connection->runQueryCallback('select count(*)...', Array, Object(Closure))
#10 /home/otgpanel2017/public_html/[WEBSITES]/efodia.com/user/api/vendor/laravel/framework/src/Illuminate/Database/Connection.php(339): Illuminate\\Database\\Connection->run('select count(*)...', Array, Object(Closure))
#11 /home/otgpanel2017/public_html/[WEBSITES]/efodia.com/user/api/vendor/laravel/framework/src/Illuminate/Database/Query/Builder.php(2270): Illuminate\\Database\\Connection->select('select count(*)...', Array, false)
#12 /home/otgpanel2017/public_html/[WEBSITES]/efodia.com/user/api/vendor/laravel/framework/src/Illuminate/Database/Query/Builder.php(2258): Illuminate\\Database\\Query\\Builder->runSelect()
#13 /home/otgpanel2017/public_html/[WEBSITES]/efodia.com/user/api/vendor/laravel/framework/src/Illuminate/Database/Query/Builder.php(2753): Illuminate\\Database\\Query\\Builder->Illuminate\\Database\\Query\\{closure}()
#14 /home/otgpanel2017/public_html/[WEBSITES]/efodia.com/user/api/vendor/laravel/framework/src/Illuminate/Database/Query/Builder.php(2259): Illuminate\\Database\\Query\\Builder->onceWithColumns(Array, Object(Closure))
#15 /home/otgpanel2017/public_html/[WEBSITES]/efodia.com/user/api/vendor/laravel/framework/src/Illuminate/Database/Query/Builder.php(2680): Illuminate\\Database\\Query\\Builder->get(Array)
#16 /home/otgpanel2017/public_html/[WEBSITES]/efodia.com/user/api/vendor/laravel/framework/src/Illuminate/Database/Query/Builder.php(2608): Illuminate\\Database\\Query\\Builder->aggregate('count', Array)
#17 /home/otgpanel2017/public_html/[WEBSITES]/efodia.com/user/api/vendor/laravel/framework/src/Illuminate/Validation/DatabasePresenceVerifier.php(55): Illuminate\\Database\\Query\\Builder->count()
#18 /home/otgpanel2017/public_html/[WEBSITES]/efodia.com/user/api/vendor/laravel/framework/src/Illuminate/Validation/Concerns/ValidatesAttributes.php(765): Illuminate\\Validation\\DatabasePresenceVerifier->getCount('users', 'email', 'ahmed.sasa22334...', NULL, 'id', Array)
#19 /home/otgpanel2017/public_html/[WEBSITES]/efodia.com/user/api/vendor/laravel/framework/src/Illuminate/Validation/Validator.php(554): Illuminate\\Validation\\Validator->validateUnique('email', 'ahmed.sasa22334...', Array, Object(Illuminate\\Validation\\Validator))
#20 /home/otgpanel2017/public_html/[WEBSITES]/efodia.com/user/api/vendor/laravel/framework/src/Illuminate/Validation/Validator.php(377): Illuminate\\Validation\\Validator->validateAttribute('email', 'Unique')
#21 /home/otgpanel2017/public_html/[WEBSITES]/efodia.com/user/api/vendor/laravel/framework/src/Illuminate/Validation/Validator.php(408): Illuminate\\Validation\\Validator->passes()
#22 /home/otgpanel2017/public_html/[WEBSITES]/efodia.com/user/api/app/Http/Controllers/API/AuthController.php(42): Illuminate\\Validation\\Validator->fails()
#23 /home/otgpanel2017/public_html/[WEBSITES]/efodia.com/user/api/vendor/laravel/framework/src/Illuminate/Routing/Controller.php(54): App\\Http\\Controllers\\API\\AuthController->SignUp(Object(Illuminate\\Http\\Request))
#24 /home/otgpanel2017/public_html/[WEBSITES]/efodia.com/user/api/vendor/laravel/framework/src/Illuminate/Routing/ControllerDispatcher.php(45): Illuminate\\Routing\\Controller->callAction('SignUp', Array)
#25 /home/otgpanel2017/public_html/[WEBSITES]/efodia.com/user/api/vendor/laravel/framework/src/Illuminate/Routing/Route.php(239): Illuminate\\Routing\\ControllerDispatcher->dispatch(Object(Illuminate\\Routing\\Route), Object(App\\Http\\Controllers\\API\\AuthController), 'SignUp')
#26 /home/otgpanel2017/public_html/[WEBSITES]/efodia.com/user/api/vendor/laravel/framework/src/Illuminate/Routing/Route.php(196): Illuminate\\Routing\\Route->runController()
#27 /home/otgpanel2017/public_html/[WEBSITES]/efodia.com/user/api/vendor/laravel/framework/src/Illuminate/Routing/Router.php(685): Illuminate\\Routing\\Route->run()
#28 /home/otgpanel2017/public_html/[WEBSITES]/efodia.com/user/api/vendor/laravel/framework/src/Illuminate/Pipeline/Pipeline.php(128): Illuminate\\Routing\\Router->Illuminate\\Routing\\{closure}(Object(Illuminate\\Http\\Request))
#29 /home/otgpanel2017/public_html/[WEBSITES]/efodia.com/user/api/vendor/laravel/framework/src/Illuminate/Routing/Middleware/SubstituteBindings.php(41): Illuminate\\Pipeline\\Pipeline->Illuminate\\Pipeline\\{closure}(Object(Illuminate\\Http\\Request))
#30 /home/otgpanel2017/public_html/[WEBSITES]/efodia.com/user/api/vendor/laravel/framework/src/Illuminate/Pipeline/Pipeline.php(167): Illuminate\\Routing\\Middleware\\SubstituteBindings->handle(Object(Illuminate\\Http\\Request), Object(Closure))
#31 /home/otgpanel2017/public_html/[WEBSITES]/efodia.com/user/api/vendor/laravel/framework/src/Illuminate/Routing/Middleware/ThrottleRequests.php(59): Illuminate\\Pipeline\\Pipeline->Illuminate\\Pipeline\\{closure}(Object(Illuminate\\Http\\Request))
#32 /home/otgpanel2017/public_html/[WEBSITES]/efodia.com/user/api/vendor/laravel/framework/src/Illuminate/Pipeline/Pipeline.php(167): Illuminate\\Routing\\Middleware\\ThrottleRequests->handle(Object(Illuminate\\Http\\Request), Object(Closure), 60, '1')
#33 /home/otgpanel2017/public_html/[WEBSITES]/efodia.com/user/api/vendor/laravel/framework/src/Illuminate/Pipeline/Pipeline.php(103): Illuminate\\Pipeline\\Pipeline->Illuminate\\Pipeline\\{closure}(Object(Illuminate\\Http\\Request))
#34 /home/otgpanel2017/public_html/[WEBSITES]/efodia.com/user/api/vendor/laravel/framework/src/Illuminate/Routing/Router.php(687): Illuminate\\Pipeline\\Pipeline->then(Object(Closure))
#35 /home/otgpanel2017/public_html/[WEBSITES]/efodia.com/user/api/vendor/laravel/framework/src/Illuminate/Routing/Router.php(662): Illuminate\\Routing\\Router->runRouteWithinStack(Object(Illuminate\\Routing\\Route), Object(Illuminate\\Http\\Request))
#36 /home/otgpanel2017/public_html/[WEBSITES]/efodia.com/user/api/vendor/laravel/framework/src/Illuminate/Routing/Router.php(628): Illuminate\\Routing\\Router->runRoute(Object(Illuminate\\Http\\Request), Object(Illuminate\\Routing\\Route))
#37 /home/otgpanel2017/public_html/[WEBSITES]/efodia.com/user/api/vendor/laravel/framework/src/Illuminate/Routing/Router.php(617): Illuminate\\Routing\\Router->dispatchToRoute(Object(Illuminate\\Http\\Request))
#38 /home/otgpanel2017/public_html/[WEBSITES]/efodia.com/user/api/vendor/laravel/framework/src/Illuminate/Foundation/Http/Kernel.php(165): Illuminate\\Routing\\Router->dispatch(Object(Illuminate\\Http\\Request))
#39 /home/otgpanel2017/public_html/[WEBSITES]/efodia.com/user/api/vendor/laravel/framework/src/Illuminate/Pipeline/Pipeline.php(128): Illuminate\\Foundation\\Http\\Kernel->Illuminate\\Foundation\\Http\\{closure}(Object(Illuminate\\Http\\Request))
#40 /home/otgpanel2017/public_html/[WEBSITES]/efodia.com/user/api/vendor/laravel/framework/src/Illuminate/Foundation/Http/Middleware/TransformsRequest.php(21): Illuminate\\Pipeline\\Pipeline->Illuminate\\Pipeline\\{closure}(Object(Illuminate\\Http\\Request))
#41 /home/otgpanel2017/public_html/[WEBSITES]/efodia.com/user/api/vendor/laravel/framework/src/Illuminate/Pipeline/Pipeline.php(167): Illuminate\\Foundation\\Http\\Middleware\\TransformsRequest->handle(Object(Illuminate\\Http\\Request), Object(Closure))
#42 /home/otgpanel2017/public_html/[WEBSITES]/efodia.com/user/api/vendor/laravel/framework/src/Illuminate/Foundation/Http/Middleware/TransformsRequest.php(21): Illuminate\\Pipeline\\Pipeline->Illuminate\\Pipeline\\{closure}(Object(Illuminate\\Http\\Request))
#43 /home/otgpanel2017/public_html/[WEBSITES]/efodia.com/user/api/vendor/laravel/framework/src/Illuminate/Pipeline/Pipeline.php(167): Illuminate\\Foundation\\Http\\Middleware\\TransformsRequest->handle(Object(Illuminate\\Http\\Request), Object(Closure))
#44 /home/otgpanel2017/public_html/[WEBSITES]/efodia.com/user/api/vendor/laravel/framework/src/Illuminate/Foundation/Http/Middleware/ValidatePostSize.php(27): Illuminate\\Pipeline\\Pipeline->Illuminate\\Pipeline\\{closure}(Object(Illuminate\\Http\\Request))
#45 /home/otgpanel2017/public_html/[WEBSITES]/efodia.com/user/api/vendor/laravel/framework/src/Illuminate/Pipeline/Pipeline.php(167): Illuminate\\Foundation\\Http\\Middleware\\ValidatePostSize->handle(Object(Illuminate\\Http\\Request), Object(Closure))
#46 /home/otgpanel2017/public_html/[WEBSITES]/efodia.com/user/api/vendor/laravel/framework/src/Illuminate/Foundation/Http/Middleware/CheckForMaintenanceMode.php(63): Illuminate\\Pipeline\\Pipeline->Illuminate\\Pipeline\\{closure}(Object(Illuminate\\Http\\Request))
#47 /home/otgpanel2017/public_html/[WEBSITES]/efodia.com/user/api/vendor/laravel/framework/src/Illuminate/Pipeline/Pipeline.php(167): Illuminate\\Foundation\\Http\\Middleware\\CheckForMaintenanceMode->handle(Object(Illuminate\\Http\\Request), Object(Closure))
#48 /home/otgpanel2017/public_html/[WEBSITES]/efodia.com/user/api/vendor/fruitcake/laravel-cors/src/HandleCors.php(37): Illuminate\\Pipeline\\Pipeline->Illuminate\\Pipeline\\{closure}(Object(Illuminate\\Http\\Request))
#49 /home/otgpanel2017/public_html/[WEBSITES]/efodia.com/user/api/vendor/laravel/framework/src/Illuminate/Pipeline/Pipeline.php(167): Fruitcake\\Cors\\HandleCors->handle(Object(Illuminate\\Http\\Request), Object(Closure))
#50 /home/otgpanel2017/public_html/[WEBSITES]/efodia.com/user/api/vendor/fideloper/proxy/src/TrustProxies.php(57): Illuminate\\Pipeline\\Pipeline->Illuminate\\Pipeline\\{closure}(Object(Illuminate\\Http\\Request))
#51 /home/otgpanel2017/public_html/[WEBSITES]/efodia.com/user/api/vendor/laravel/framework/src/Illuminate/Pipeline/Pipeline.php(167): Fideloper\\Proxy\\TrustProxies->handle(Object(Illuminate\\Http\\Request), Object(Closure))
#52 /home/otgpanel2017/public_html/[WEBSITES]/efodia.com/user/api/vendor/laravel/framework/src/Illuminate/Pipeline/Pipeline.php(103): Illuminate\\Pipeline\\Pipeline->Illuminate\\Pipeline\\{closure}(Object(Illuminate\\Http\\Request))
#53 /home/otgpanel2017/public_html/[WEBSITES]/efodia.com/user/api/vendor/laravel/framework/src/Illuminate/Foundation/Http/Kernel.php(140): Illuminate\\Pipeline\\Pipeline->then(Object(Closure))
#54 /home/otgpanel2017/public_html/[WEBSITES]/efodia.com/user/api/vendor/laravel/framework/src/Illuminate/Foundation/Http/Kernel.php(109): Illuminate\\Foundation\\Http\\Kernel->sendRequestThroughRouter(Object(Illuminate\\Http\\Request))
#55 /home/otgpanel2017/public_html/[WEBSITES]/efodia.com/user/api/public/index.php(55): Illuminate\\Foundation\\Http\\Kernel->handle(Object(Illuminate\\Http\\Request))
#56 {main}
"} 
[2021-08-29 19:51:36] local.ERROR: file_put_contents(C:\Users\pc\efodia\storage\framework\views/b7043580f7147b6ff6d5ac05edf2ef3175296b86.php): failed to open stream: No such file or directory {"exception":"[object] (ErrorException(code: 0): file_put_contents(C:\\Users\\pc\\efodia\\storage\\framework\\views/b7043580f7147b6ff6d5ac05edf2ef3175296b86.php): failed to open stream: No such file or directory at /home/otgpanel2017/public_html/[WEBSITES]/efodia.com/user/api/vendor/laravel/framework/src/Illuminate/Filesystem/Filesystem.php:135)
[stacktrace]
#0 [internal function]: Illuminate\\Foundation\\Bootstrap\\HandleExceptions->handleError(2, 'file_put_conten...', '/home/otgpanel2...', 135, Array)
#1 /home/otgpanel2017/public_html/[WEBSITES]/efodia.com/user/api/vendor/laravel/framework/src/Illuminate/Filesystem/Filesystem.php(135): file_put_contents('C:\\\\Users\\\\pc\\\\efo...', '<?php $__env->s...', 0)
#2 /home/otgpanel2017/public_html/[WEBSITES]/efodia.com/user/api/vendor/laravel/framework/src/Illuminate/View/Compilers/BladeCompiler.php(150): Illuminate\\Filesystem\\Filesystem->put('C:\\\\Users\\\\pc\\\\efo...', '<?php $__env->s...')
#3 /home/otgpanel2017/public_html/[WEBSITES]/efodia.com/user/api/vendor/laravel/framework/src/Illuminate/View/Engines/CompilerEngine.php(51): Illuminate\\View\\Compilers\\BladeCompiler->compile('/home/otgpanel2...')
#4 /home/otgpanel2017/public_html/[WEBSITES]/efodia.com/user/api/vendor/facade/ignition/src/Views/Engines/CompilerEngine.php(37): Illuminate\\View\\Engines\\CompilerEngine->get('/home/otgpanel2...', Array)
#5 /home/otgpanel2017/public_html/[WEBSITES]/efodia.com/user/api/vendor/laravel/framework/src/Illuminate/View/View.php(139): Facade\\Ignition\\Views\\Engines\\CompilerEngine->get('/home/otgpanel2...', Array)
#6 /home/otgpanel2017/public_html/[WEBSITES]/efodia.com/user/api/vendor/laravel/framework/src/Illuminate/View/View.php(122): Illuminate\\View\\View->getContents()
#7 /home/otgpanel2017/public_html/[WEBSITES]/efodia.com/user/api/vendor/laravel/framework/src/Illuminate/View/View.php(91): Illuminate\\View\\View->renderContents()
#8 /home/otgpanel2017/public_html/[WEBSITES]/efodia.com/user/api/vendor/laravel/framework/src/Illuminate/Http/Response.php(62): Illuminate\\View\\View->render()
#9 /home/otgpanel2017/public_html/[WEBSITES]/efodia.com/user/api/vendor/laravel/framework/src/Illuminate/Http/Response.php(34): Illuminate\\Http\\Response->setContent(Object(Illuminate\\View\\View))
#10 /home/otgpanel2017/public_html/[WEBSITES]/efodia.com/user/api/vendor/laravel/framework/src/Illuminate/Routing/ResponseFactory.php(55): Illuminate\\Http\\Response->__construct(Object(Illuminate\\View\\View), 404, Array)
#11 /home/otgpanel2017/public_html/[WEBSITES]/efodia.com/user/api/vendor/laravel/framework/src/Illuminate/Routing/ResponseFactory.php(85): Illuminate\\Routing\\ResponseFactory->make(Object(Illuminate\\View\\View), 404, Array)
#12 /home/otgpanel2017/public_html/[WEBSITES]/efodia.com/user/api/vendor/laravel/framework/src/Illuminate/Foundation/Exceptions/Handler.php(409): Illuminate\\Routing\\ResponseFactory->view('errors::404', Array, 404, Array)
#13 /home/otgpanel2017/public_html/[WEBSITES]/efodia.com/user/api/vendor/laravel/framework/src/Illuminate/Foundation/Exceptions/Handler.php(314): Illuminate\\Foundation\\Exceptions\\Handler->renderHttpException(Object(Symfony\\Component\\HttpKernel\\Exception\\NotFoundHttpException))
#14 /home/otgpanel2017/public_html/[WEBSITES]/efodia.com/user/api/vendor/laravel/framework/src/Illuminate/Foundation/Exceptions/Handler.php(211): Illuminate\\Foundation\\Exceptions\\Handler->prepareResponse(Object(Illuminate\\Http\\Request), Object(Symfony\\Component\\HttpKernel\\Exception\\NotFoundHttpException))
#15 /home/otgpanel2017/public_html/[WEBSITES]/efodia.com/user/api/app/Exceptions/Handler.php(53): Illuminate\\Foundation\\Exceptions\\Handler->render(Object(Illuminate\\Http\\Request), Object(Symfony\\Component\\HttpKernel\\Exception\\NotFoundHttpException))
#16 /home/otgpanel2017/public_html/[WEBSITES]/efodia.com/user/api/vendor/laravel/framework/src/Illuminate/Routing/Pipeline.php(51): App\\Exceptions\\Handler->render(Object(Illuminate\\Http\\Request), Object(Symfony\\Component\\HttpKernel\\Exception\\NotFoundHttpException))
#17 /home/otgpanel2017/public_html/[WEBSITES]/efodia.com/user/api/vendor/laravel/framework/src/Illuminate/Pipeline/Pipeline.php(130): Illuminate\\Routing\\Pipeline->handleException(Object(Illuminate\\Http\\Request), Object(Symfony\\Component\\HttpKernel\\Exception\\NotFoundHttpException))
#18 /home/otgpanel2017/public_html/[WEBSITES]/efodia.com/user/api/vendor/laravel/framework/src/Illuminate/Foundation/Http/Middleware/TransformsRequest.php(21): Illuminate\\Pipeline\\Pipeline->Illuminate\\Pipeline\\{closure}(Object(Illuminate\\Http\\Request))
#19 /home/otgpanel2017/public_html/[WEBSITES]/efodia.com/user/api/vendor/laravel/framework/src/Illuminate/Pipeline/Pipeline.php(167): Illuminate\\Foundation\\Http\\Middleware\\TransformsRequest->handle(Object(Illuminate\\Http\\Request), Object(Closure))
#20 /home/otgpanel2017/public_html/[WEBSITES]/efodia.com/user/api/vendor/laravel/framework/src/Illuminate/Foundation/Http/Middleware/TransformsRequest.php(21): Illuminate\\Pipeline\\Pipeline->Illuminate\\Pipeline\\{closure}(Object(Illuminate\\Http\\Request))
#21 /home/otgpanel2017/public_html/[WEBSITES]/efodia.com/user/api/vendor/laravel/framework/src/Illuminate/Pipeline/Pipeline.php(167): Illuminate\\Foundation\\Http\\Middleware\\TransformsRequest->handle(Object(Illuminate\\Http\\Request), Object(Closure))
#22 /home/otgpanel2017/public_html/[WEBSITES]/efodia.com/user/api/vendor/laravel/framework/src/Illuminate/Foundation/Http/Middleware/ValidatePostSize.php(27): Illuminate\\Pipeline\\Pipeline->Illuminate\\Pipeline\\{closure}(Object(Illuminate\\Http\\Request))
#23 /home/otgpanel2017/public_html/[WEBSITES]/efodia.com/user/api/vendor/laravel/framework/src/Illuminate/Pipeline/Pipeline.php(167): Illuminate\\Foundation\\Http\\Middleware\\ValidatePostSize->handle(Object(Illuminate\\Http\\Request), Object(Closure))
#24 /home/otgpanel2017/public_html/[WEBSITES]/efodia.com/user/api/vendor/laravel/framework/src/Illuminate/Foundation/Http/Middleware/CheckForMaintenanceMode.php(63): Illuminate\\Pipeline\\Pipeline->Illuminate\\Pipeline\\{closure}(Object(Illuminate\\Http\\Request))
#25 /home/otgpanel2017/public_html/[WEBSITES]/efodia.com/user/api/vendor/laravel/framework/src/Illuminate/Pipeline/Pipeline.php(167): Illuminate\\Foundation\\Http\\Middleware\\CheckForMaintenanceMode->handle(Object(Illuminate\\Http\\Request), Object(Closure))
#26 /home/otgpanel2017/public_html/[WEBSITES]/efodia.com/user/api/vendor/fruitcake/laravel-cors/src/HandleCors.php(37): Illuminate\\Pipeline\\Pipeline->Illuminate\\Pipeline\\{closure}(Object(Illuminate\\Http\\Request))
#27 /home/otgpanel2017/public_html/[WEBSITES]/efodia.com/user/api/vendor/laravel/framework/src/Illuminate/Pipeline/Pipeline.php(167): Fruitcake\\Cors\\HandleCors->handle(Object(Illuminate\\Http\\Request), Object(Closure))
#28 /home/otgpanel2017/public_html/[WEBSITES]/efodia.com/user/api/vendor/fideloper/proxy/src/TrustProxies.php(57): Illuminate\\Pipeline\\Pipeline->Illuminate\\Pipeline\\{closure}(Object(Illuminate\\Http\\Request))
#29 /home/otgpanel2017/public_html/[WEBSITES]/efodia.com/user/api/vendor/laravel/framework/src/Illuminate/Pipeline/Pipeline.php(167): Fideloper\\Proxy\\TrustProxies->handle(Object(Illuminate\\Http\\Request), Object(Closure))
#30 /home/otgpanel2017/public_html/[WEBSITES]/efodia.com/user/api/vendor/laravel/framework/src/Illuminate/Pipeline/Pipeline.php(103): Illuminate\\Pipeline\\Pipeline->Illuminate\\Pipeline\\{closure}(Object(Illuminate\\Http\\Request))
#31 /home/otgpanel2017/public_html/[WEBSITES]/efodia.com/user/api/vendor/laravel/framework/src/Illuminate/Foundation/Http/Kernel.php(140): Illuminate\\Pipeline\\Pipeline->then(Object(Closure))
#32 /home/otgpanel2017/public_html/[WEBSITES]/efodia.com/user/api/vendor/laravel/framework/src/Illuminate/Foundation/Http/Kernel.php(109): Illuminate\\Foundation\\Http\\Kernel->sendRequestThroughRouter(Object(Illuminate\\Http\\Request))
#33 /home/otgpanel2017/public_html/[WEBSITES]/efodia.com/user/api/public/index.php(55): Illuminate\\Foundation\\Http\\Kernel->handle(Object(Illuminate\\Http\\Request))
#34 {main}
"} 
[2021-08-30 12:14:10] local.ERROR: SQLSTATE[28000] [1045] Access denied for user 'root'@'localhost' (using password: NO) (SQL: select * from `users` where `email` = ahmed.sasa223344@gmail.com limit 1) {"exception":"[object] (Illuminate\\Database\\QueryException(code: 1045): SQLSTATE[28000] [1045] Access denied for user 'root'@'localhost' (using password: NO) (SQL: select * from `users` where `email` = ahmed.sasa223344@gmail.com limit 1) at /home/otgpanel2017/public_html/[WEBSITES]/efodia.com/user/api/vendor/laravel/framework/src/Illuminate/Database/Connection.php:671)
[stacktrace]
#0 /home/otgpanel2017/public_html/[WEBSITES]/efodia.com/user/api/vendor/laravel/framework/src/Illuminate/Database/Connection.php(631): Illuminate\\Database\\Connection->runQueryCallback('select * from `...', Array, Object(Closure))
#1 /home/otgpanel2017/public_html/[WEBSITES]/efodia.com/user/api/vendor/laravel/framework/src/Illuminate/Database/Connection.php(339): Illuminate\\Database\\Connection->run('select * from `...', Array, Object(Closure))
#2 /home/otgpanel2017/public_html/[WEBSITES]/efodia.com/user/api/vendor/laravel/framework/src/Illuminate/Database/Query/Builder.php(2270): Illuminate\\Database\\Connection->select('select * from `...', Array, true)
#3 /home/otgpanel2017/public_html/[WEBSITES]/efodia.com/user/api/vendor/laravel/framework/src/Illuminate/Database/Query/Builder.php(2258): Illuminate\\Database\\Query\\Builder->runSelect()
#4 /home/otgpanel2017/public_html/[WEBSITES]/efodia.com/user/api/vendor/laravel/framework/src/Illuminate/Database/Query/Builder.php(2753): Illuminate\\Database\\Query\\Builder->Illuminate\\Database\\Query\\{closure}()
#5 /home/otgpanel2017/public_html/[WEBSITES]/efodia.com/user/api/vendor/laravel/framework/src/Illuminate/Database/Query/Builder.php(2259): Illuminate\\Database\\Query\\Builder->onceWithColumns(Array, Object(Closure))
#6 /home/otgpanel2017/public_html/[WEBSITES]/efodia.com/user/api/vendor/laravel/framework/src/Illuminate/Database/Eloquent/Builder.php(548): Illuminate\\Database\\Query\\Builder->get(Array)
#7 /home/otgpanel2017/public_html/[WEBSITES]/efodia.com/user/api/vendor/laravel/framework/src/Illuminate/Database/Eloquent/Builder.php(532): Illuminate\\Database\\Eloquent\\Builder->getModels(Array)
#8 /home/otgpanel2017/public_html/[WEBSITES]/efodia.com/user/api/vendor/laravel/framework/src/Illuminate/Database/Concerns/BuildsQueries.php(143): Illuminate\\Database\\Eloquent\\Builder->get(Array)
#9 /home/otgpanel2017/public_html/[WEBSITES]/efodia.com/user/api/vendor/laravel/framework/src/Illuminate/Auth/EloquentUserProvider.php(131): Illuminate\\Database\\Eloquent\\Builder->first()
#10 /home/otgpanel2017/public_html/[WEBSITES]/efodia.com/user/api/vendor/tymon/jwt-auth/src/JWTGuard.php(124): Illuminate\\Auth\\EloquentUserProvider->retrieveByCredentials(Array)
#11 /home/otgpanel2017/public_html/[WEBSITES]/efodia.com/user/api/app/Http/Controllers/API/AuthController.php(113): Tymon\\JWTAuth\\JWTGuard->attempt(Array)
#12 /home/otgpanel2017/public_html/[WEBSITES]/efodia.com/user/api/vendor/laravel/framework/src/Illuminate/Routing/Controller.php(54): App\\Http\\Controllers\\API\\AuthController->SignIn(Object(Illuminate\\Http\\Request))
#13 /home/otgpanel2017/public_html/[WEBSITES]/efodia.com/user/api/vendor/laravel/framework/src/Illuminate/Routing/ControllerDispatcher.php(45): Illuminate\\Routing\\Controller->callAction('SignIn', Array)
#14 /home/otgpanel2017/public_html/[WEBSITES]/efodia.com/user/api/vendor/laravel/framework/src/Illuminate/Routing/Route.php(239): Illuminate\\Routing\\ControllerDispatcher->dispatch(Object(Illuminate\\Routing\\Route), Object(App\\Http\\Controllers\\API\\AuthController), 'SignIn')
#15 /home/otgpanel2017/public_html/[WEBSITES]/efodia.com/user/api/vendor/laravel/framework/src/Illuminate/Routing/Route.php(196): Illuminate\\Routing\\Route->runController()
#16 /home/otgpanel2017/public_html/[WEBSITES]/efodia.com/user/api/vendor/laravel/framework/src/Illuminate/Routing/Router.php(685): Illuminate\\Routing\\Route->run()
#17 /home/otgpanel2017/public_html/[WEBSITES]/efodia.com/user/api/vendor/laravel/framework/src/Illuminate/Pipeline/Pipeline.php(128): Illuminate\\Routing\\Router->Illuminate\\Routing\\{closure}(Object(Illuminate\\Http\\Request))
#18 /home/otgpanel2017/public_html/[WEBSITES]/efodia.com/user/api/vendor/laravel/framework/src/Illuminate/Routing/Middleware/SubstituteBindings.php(41): Illuminate\\Pipeline\\Pipeline->Illuminate\\Pipeline\\{closure}(Object(Illuminate\\Http\\Request))
#19 /home/otgpanel2017/public_html/[WEBSITES]/efodia.com/user/api/vendor/laravel/framework/src/Illuminate/Pipeline/Pipeline.php(167): Illuminate\\Routing\\Middleware\\SubstituteBindings->handle(Object(Illuminate\\Http\\Request), Object(Closure))
#20 /home/otgpanel2017/public_html/[WEBSITES]/efodia.com/user/api/vendor/laravel/framework/src/Illuminate/Routing/Middleware/ThrottleRequests.php(59): Illuminate\\Pipeline\\Pipeline->Illuminate\\Pipeline\\{closure}(Object(Illuminate\\Http\\Request))
#21 /home/otgpanel2017/public_html/[WEBSITES]/efodia.com/user/api/vendor/laravel/framework/src/Illuminate/Pipeline/Pipeline.php(167): Illuminate\\Routing\\Middleware\\ThrottleRequests->handle(Object(Illuminate\\Http\\Request), Object(Closure), 60, '1')
#22 /home/otgpanel2017/public_html/[WEBSITES]/efodia.com/user/api/vendor/laravel/framework/src/Illuminate/Pipeline/Pipeline.php(103): Illuminate\\Pipeline\\Pipeline->Illuminate\\Pipeline\\{closure}(Object(Illuminate\\Http\\Request))
#23 /home/otgpanel2017/public_html/[WEBSITES]/efodia.com/user/api/vendor/laravel/framework/src/Illuminate/Routing/Router.php(687): Illuminate\\Pipeline\\Pipeline->then(Object(Closure))
#24 /home/otgpanel2017/public_html/[WEBSITES]/efodia.com/user/api/vendor/laravel/framework/src/Illuminate/Routing/Router.php(662): Illuminate\\Routing\\Router->runRouteWithinStack(Object(Illuminate\\Routing\\Route), Object(Illuminate\\Http\\Request))
#25 /home/otgpanel2017/public_html/[WEBSITES]/efodia.com/user/api/vendor/laravel/framework/src/Illuminate/Routing/Router.php(628): Illuminate\\Routing\\Router->runRoute(Object(Illuminate\\Http\\Request), Object(Illuminate\\Routing\\Route))
#26 /home/otgpanel2017/public_html/[WEBSITES]/efodia.com/user/api/vendor/laravel/framework/src/Illuminate/Routing/Router.php(617): Illuminate\\Routing\\Router->dispatchToRoute(Object(Illuminate\\Http\\Request))
#27 /home/otgpanel2017/public_html/[WEBSITES]/efodia.com/user/api/vendor/laravel/framework/src/Illuminate/Foundation/Http/Kernel.php(165): Illuminate\\Routing\\Router->dispatch(Object(Illuminate\\Http\\Request))
#28 /home/otgpanel2017/public_html/[WEBSITES]/efodia.com/user/api/vendor/laravel/framework/src/Illuminate/Pipeline/Pipeline.php(128): Illuminate\\Foundation\\Http\\Kernel->Illuminate\\Foundation\\Http\\{closure}(Object(Illuminate\\Http\\Request))
#29 /home/otgpanel2017/public_html/[WEBSITES]/efodia.com/user/api/vendor/laravel/framework/src/Illuminate/Foundation/Http/Middleware/TransformsRequest.php(21): Illuminate\\Pipeline\\Pipeline->Illuminate\\Pipeline\\{closure}(Object(Illuminate\\Http\\Request))
#30 /home/otgpanel2017/public_html/[WEBSITES]/efodia.com/user/api/vendor/laravel/framework/src/Illuminate/Pipeline/Pipeline.php(167): Illuminate\\Foundation\\Http\\Middleware\\TransformsRequest->handle(Object(Illuminate\\Http\\Request), Object(Closure))
#31 /home/otgpanel2017/public_html/[WEBSITES]/efodia.com/user/api/vendor/laravel/framework/src/Illuminate/Foundation/Http/Middleware/TransformsRequest.php(21): Illuminate\\Pipeline\\Pipeline->Illuminate\\Pipeline\\{closure}(Object(Illuminate\\Http\\Request))
#32 /home/otgpanel2017/public_html/[WEBSITES]/efodia.com/user/api/vendor/laravel/framework/src/Illuminate/Pipeline/Pipeline.php(167): Illuminate\\Foundation\\Http\\Middleware\\TransformsRequest->handle(Object(Illuminate\\Http\\Request), Object(Closure))
#33 /home/otgpanel2017/public_html/[WEBSITES]/efodia.com/user/api/vendor/laravel/framework/src/Illuminate/Foundation/Http/Middleware/ValidatePostSize.php(27): Illuminate\\Pipeline\\Pipeline->Illuminate\\Pipeline\\{closure}(Object(Illuminate\\Http\\Request))
#34 /home/otgpanel2017/public_html/[WEBSITES]/efodia.com/user/api/vendor/laravel/framework/src/Illuminate/Pipeline/Pipeline.php(167): Illuminate\\Foundation\\Http\\Middleware\\ValidatePostSize->handle(Object(Illuminate\\Http\\Request), Object(Closure))
#35 /home/otgpanel2017/public_html/[WEBSITES]/efodia.com/user/api/vendor/laravel/framework/src/Illuminate/Foundation/Http/Middleware/CheckForMaintenanceMode.php(63): Illuminate\\Pipeline\\Pipeline->Illuminate\\Pipeline\\{closure}(Object(Illuminate\\Http\\Request))
#36 /home/otgpanel2017/public_html/[WEBSITES]/efodia.com/user/api/vendor/laravel/framework/src/Illuminate/Pipeline/Pipeline.php(167): Illuminate\\Foundation\\Http\\Middleware\\CheckForMaintenanceMode->handle(Object(Illuminate\\Http\\Request), Object(Closure))
#37 /home/otgpanel2017/public_html/[WEBSITES]/efodia.com/user/api/vendor/fruitcake/laravel-cors/src/HandleCors.php(37): Illuminate\\Pipeline\\Pipeline->Illuminate\\Pipeline\\{closure}(Object(Illuminate\\Http\\Request))
#38 /home/otgpanel2017/public_html/[WEBSITES]/efodia.com/user/api/vendor/laravel/framework/src/Illuminate/Pipeline/Pipeline.php(167): Fruitcake\\Cors\\HandleCors->handle(Object(Illuminate\\Http\\Request), Object(Closure))
#39 /home/otgpanel2017/public_html/[WEBSITES]/efodia.com/user/api/vendor/fideloper/proxy/src/TrustProxies.php(57): Illuminate\\Pipeline\\Pipeline->Illuminate\\Pipeline\\{closure}(Object(Illuminate\\Http\\Request))
#40 /home/otgpanel2017/public_html/[WEBSITES]/efodia.com/user/api/vendor/laravel/framework/src/Illuminate/Pipeline/Pipeline.php(167): Fideloper\\Proxy\\TrustProxies->handle(Object(Illuminate\\Http\\Request), Object(Closure))
#41 /home/otgpanel2017/public_html/[WEBSITES]/efodia.com/user/api/vendor/laravel/framework/src/Illuminate/Pipeline/Pipeline.php(103): Illuminate\\Pipeline\\Pipeline->Illuminate\\Pipeline\\{closure}(Object(Illuminate\\Http\\Request))
#42 /home/otgpanel2017/public_html/[WEBSITES]/efodia.com/user/api/vendor/laravel/framework/src/Illuminate/Foundation/Http/Kernel.php(140): Illuminate\\Pipeline\\Pipeline->then(Object(Closure))
#43 /home/otgpanel2017/public_html/[WEBSITES]/efodia.com/user/api/vendor/laravel/framework/src/Illuminate/Foundation/Http/Kernel.php(109): Illuminate\\Foundation\\Http\\Kernel->sendRequestThroughRouter(Object(Illuminate\\Http\\Request))
#44 /home/otgpanel2017/public_html/[WEBSITES]/efodia.com/user/api/public/index.php(55): Illuminate\\Foundation\\Http\\Kernel->handle(Object(Illuminate\\Http\\Request))
#45 {main}

[previous exception] [object] (PDOException(code: 1045): SQLSTATE[28000] [1045] Access denied for user 'root'@'localhost' (using password: NO) at /home/otgpanel2017/public_html/[WEBSITES]/efodia.com/user/api/vendor/laravel/framework/src/Illuminate/Database/Connectors/Connector.php:70)
[stacktrace]
#0 /home/otgpanel2017/public_html/[WEBSITES]/efodia.com/user/api/vendor/laravel/framework/src/Illuminate/Database/Connectors/Connector.php(70): PDO->__construct('mysql:host=127....', 'root', '', Array)
#1 /home/otgpanel2017/public_html/[WEBSITES]/efodia.com/user/api/vendor/laravel/framework/src/Illuminate/Database/Connectors/Connector.php(46): Illuminate\\Database\\Connectors\\Connector->createPdoConnection('mysql:host=127....', 'root', '', Array)
#2 /home/otgpanel2017/public_html/[WEBSITES]/efodia.com/user/api/vendor/laravel/framework/src/Illuminate/Database/Connectors/MySqlConnector.php(24): Illuminate\\Database\\Connectors\\Connector->createConnection('mysql:host=127....', Array, Array)
#3 /home/otgpanel2017/public_html/[WEBSITES]/efodia.com/user/api/vendor/laravel/framework/src/Illuminate/Database/Connectors/ConnectionFactory.php(184): Illuminate\\Database\\Connectors\\MySqlConnector->connect(Array)
#4 [internal function]: Illuminate\\Database\\Connectors\\ConnectionFactory->Illuminate\\Database\\Connectors\\{closure}()
#5 /home/otgpanel2017/public_html/[WEBSITES]/efodia.com/user/api/vendor/laravel/framework/src/Illuminate/Database/Connection.php(926): call_user_func(Object(Closure))
#6 /home/otgpanel2017/public_html/[WEBSITES]/efodia.com/user/api/vendor/laravel/framework/src/Illuminate/Database/Connection.php(961): Illuminate\\Database\\Connection->getPdo()
#7 /home/otgpanel2017/public_html/[WEBSITES]/efodia.com/user/api/vendor/laravel/framework/src/Illuminate/Database/Connection.php(405): Illuminate\\Database\\Connection->getReadPdo()
#8 /home/otgpanel2017/public_html/[WEBSITES]/efodia.com/user/api/vendor/laravel/framework/src/Illuminate/Database/Connection.php(331): Illuminate\\Database\\Connection->getPdoForSelect(true)
#9 /home/otgpanel2017/public_html/[WEBSITES]/efodia.com/user/api/vendor/laravel/framework/src/Illuminate/Database/Connection.php(664): Illuminate\\Database\\Connection->Illuminate\\Database\\{closure}('select * from `...', Array)
#10 /home/otgpanel2017/public_html/[WEBSITES]/efodia.com/user/api/vendor/laravel/framework/src/Illuminate/Database/Connection.php(631): Illuminate\\Database\\Connection->runQueryCallback('select * from `...', Array, Object(Closure))
#11 /home/otgpanel2017/public_html/[WEBSITES]/efodia.com/user/api/vendor/laravel/framework/src/Illuminate/Database/Connection.php(339): Illuminate\\Database\\Connection->run('select * from `...', Array, Object(Closure))
#12 /home/otgpanel2017/public_html/[WEBSITES]/efodia.com/user/api/vendor/laravel/framework/src/Illuminate/Database/Query/Builder.php(2270): Illuminate\\Database\\Connection->select('select * from `...', Array, true)
#13 /home/otgpanel2017/public_html/[WEBSITES]/efodia.com/user/api/vendor/laravel/framework/src/Illuminate/Database/Query/Builder.php(2258): Illuminate\\Database\\Query\\Builder->runSelect()
#14 /home/otgpanel2017/public_html/[WEBSITES]/efodia.com/user/api/vendor/laravel/framework/src/Illuminate/Database/Query/Builder.php(2753): Illuminate\\Database\\Query\\Builder->Illuminate\\Database\\Query\\{closure}()
#15 /home/otgpanel2017/public_html/[WEBSITES]/efodia.com/user/api/vendor/laravel/framework/src/Illuminate/Database/Query/Builder.php(2259): Illuminate\\Database\\Query\\Builder->onceWithColumns(Array, Object(Closure))
#16 /home/otgpanel2017/public_html/[WEBSITES]/efodia.com/user/api/vendor/laravel/framework/src/Illuminate/Database/Eloquent/Builder.php(548): Illuminate\\Database\\Query\\Builder->get(Array)
#17 /home/otgpanel2017/public_html/[WEBSITES]/efodia.com/user/api/vendor/laravel/framework/src/Illuminate/Database/Eloquent/Builder.php(532): Illuminate\\Database\\Eloquent\\Builder->getModels(Array)
#18 /home/otgpanel2017/public_html/[WEBSITES]/efodia.com/user/api/vendor/laravel/framework/src/Illuminate/Database/Concerns/BuildsQueries.php(143): Illuminate\\Database\\Eloquent\\Builder->get(Array)
#19 /home/otgpanel2017/public_html/[WEBSITES]/efodia.com/user/api/vendor/laravel/framework/src/Illuminate/Auth/EloquentUserProvider.php(131): Illuminate\\Database\\Eloquent\\Builder->first()
#20 /home/otgpanel2017/public_html/[WEBSITES]/efodia.com/user/api/vendor/tymon/jwt-auth/src/JWTGuard.php(124): Illuminate\\Auth\\EloquentUserProvider->retrieveByCredentials(Array)
#21 /home/otgpanel2017/public_html/[WEBSITES]/efodia.com/user/api/app/Http/Controllers/API/AuthController.php(113): Tymon\\JWTAuth\\JWTGuard->attempt(Array)
#22 /home/otgpanel2017/public_html/[WEBSITES]/efodia.com/user/api/vendor/laravel/framework/src/Illuminate/Routing/Controller.php(54): App\\Http\\Controllers\\API\\AuthController->SignIn(Object(Illuminate\\Http\\Request))
#23 /home/otgpanel2017/public_html/[WEBSITES]/efodia.com/user/api/vendor/laravel/framework/src/Illuminate/Routing/ControllerDispatcher.php(45): Illuminate\\Routing\\Controller->callAction('SignIn', Array)
#24 /home/otgpanel2017/public_html/[WEBSITES]/efodia.com/user/api/vendor/laravel/framework/src/Illuminate/Routing/Route.php(239): Illuminate\\Routing\\ControllerDispatcher->dispatch(Object(Illuminate\\Routing\\Route), Object(App\\Http\\Controllers\\API\\AuthController), 'SignIn')
#25 /home/otgpanel2017/public_html/[WEBSITES]/efodia.com/user/api/vendor/laravel/framework/src/Illuminate/Routing/Route.php(196): Illuminate\\Routing\\Route->runController()
#26 /home/otgpanel2017/public_html/[WEBSITES]/efodia.com/user/api/vendor/laravel/framework/src/Illuminate/Routing/Router.php(685): Illuminate\\Routing\\Route->run()
#27 /home/otgpanel2017/public_html/[WEBSITES]/efodia.com/user/api/vendor/laravel/framework/src/Illuminate/Pipeline/Pipeline.php(128): Illuminate\\Routing\\Router->Illuminate\\Routing\\{closure}(Object(Illuminate\\Http\\Request))
#28 /home/otgpanel2017/public_html/[WEBSITES]/efodia.com/user/api/vendor/laravel/framework/src/Illuminate/Routing/Middleware/SubstituteBindings.php(41): Illuminate\\Pipeline\\Pipeline->Illuminate\\Pipeline\\{closure}(Object(Illuminate\\Http\\Request))
#29 /home/otgpanel2017/public_html/[WEBSITES]/efodia.com/user/api/vendor/laravel/framework/src/Illuminate/Pipeline/Pipeline.php(167): Illuminate\\Routing\\Middleware\\SubstituteBindings->handle(Object(Illuminate\\Http\\Request), Object(Closure))
#30 /home/otgpanel2017/public_html/[WEBSITES]/efodia.com/user/api/vendor/laravel/framework/src/Illuminate/Routing/Middleware/ThrottleRequests.php(59): Illuminate\\Pipeline\\Pipeline->Illuminate\\Pipeline\\{closure}(Object(Illuminate\\Http\\Request))
#31 /home/otgpanel2017/public_html/[WEBSITES]/efodia.com/user/api/vendor/laravel/framework/src/Illuminate/Pipeline/Pipeline.php(167): Illuminate\\Routing\\Middleware\\ThrottleRequests->handle(Object(Illuminate\\Http\\Request), Object(Closure), 60, '1')
#32 /home/otgpanel2017/public_html/[WEBSITES]/efodia.com/user/api/vendor/laravel/framework/src/Illuminate/Pipeline/Pipeline.php(103): Illuminate\\Pipeline\\Pipeline->Illuminate\\Pipeline\\{closure}(Object(Illuminate\\Http\\Request))
#33 /home/otgpanel2017/public_html/[WEBSITES]/efodia.com/user/api/vendor/laravel/framework/src/Illuminate/Routing/Router.php(687): Illuminate\\Pipeline\\Pipeline->then(Object(Closure))
#34 /home/otgpanel2017/public_html/[WEBSITES]/efodia.com/user/api/vendor/laravel/framework/src/Illuminate/Routing/Router.php(662): Illuminate\\Routing\\Router->runRouteWithinStack(Object(Illuminate\\Routing\\Route), Object(Illuminate\\Http\\Request))
#35 /home/otgpanel2017/public_html/[WEBSITES]/efodia.com/user/api/vendor/laravel/framework/src/Illuminate/Routing/Router.php(628): Illuminate\\Routing\\Router->runRoute(Object(Illuminate\\Http\\Request), Object(Illuminate\\Routing\\Route))
#36 /home/otgpanel2017/public_html/[WEBSITES]/efodia.com/user/api/vendor/laravel/framework/src/Illuminate/Routing/Router.php(617): Illuminate\\Routing\\Router->dispatchToRoute(Object(Illuminate\\Http\\Request))
#37 /home/otgpanel2017/public_html/[WEBSITES]/efodia.com/user/api/vendor/laravel/framework/src/Illuminate/Foundation/Http/Kernel.php(165): Illuminate\\Routing\\Router->dispatch(Object(Illuminate\\Http\\Request))
#38 /home/otgpanel2017/public_html/[WEBSITES]/efodia.com/user/api/vendor/laravel/framework/src/Illuminate/Pipeline/Pipeline.php(128): Illuminate\\Foundation\\Http\\Kernel->Illuminate\\Foundation\\Http\\{closure}(Object(Illuminate\\Http\\Request))
#39 /home/otgpanel2017/public_html/[WEBSITES]/efodia.com/user/api/vendor/laravel/framework/src/Illuminate/Foundation/Http/Middleware/TransformsRequest.php(21): Illuminate\\Pipeline\\Pipeline->Illuminate\\Pipeline\\{closure}(Object(Illuminate\\Http\\Request))
#40 /home/otgpanel2017/public_html/[WEBSITES]/efodia.com/user/api/vendor/laravel/framework/src/Illuminate/Pipeline/Pipeline.php(167): Illuminate\\Foundation\\Http\\Middleware\\TransformsRequest->handle(Object(Illuminate\\Http\\Request), Object(Closure))
#41 /home/otgpanel2017/public_html/[WEBSITES]/efodia.com/user/api/vendor/laravel/framework/src/Illuminate/Foundation/Http/Middleware/TransformsRequest.php(21): Illuminate\\Pipeline\\Pipeline->Illuminate\\Pipeline\\{closure}(Object(Illuminate\\Http\\Request))
#42 /home/otgpanel2017/public_html/[WEBSITES]/efodia.com/user/api/vendor/laravel/framework/src/Illuminate/Pipeline/Pipeline.php(167): Illuminate\\Foundation\\Http\\Middleware\\TransformsRequest->handle(Object(Illuminate\\Http\\Request), Object(Closure))
#43 /home/otgpanel2017/public_html/[WEBSITES]/efodia.com/user/api/vendor/laravel/framework/src/Illuminate/Foundation/Http/Middleware/ValidatePostSize.php(27): Illuminate\\Pipeline\\Pipeline->Illuminate\\Pipeline\\{closure}(Object(Illuminate\\Http\\Request))
#44 /home/otgpanel2017/public_html/[WEBSITES]/efodia.com/user/api/vendor/laravel/framework/src/Illuminate/Pipeline/Pipeline.php(167): Illuminate\\Foundation\\Http\\Middleware\\ValidatePostSize->handle(Object(Illuminate\\Http\\Request), Object(Closure))
#45 /home/otgpanel2017/public_html/[WEBSITES]/efodia.com/user/api/vendor/laravel/framework/src/Illuminate/Foundation/Http/Middleware/CheckForMaintenanceMode.php(63): Illuminate\\Pipeline\\Pipeline->Illuminate\\Pipeline\\{closure}(Object(Illuminate\\Http\\Request))
#46 /home/otgpanel2017/public_html/[WEBSITES]/efodia.com/user/api/vendor/laravel/framework/src/Illuminate/Pipeline/Pipeline.php(167): Illuminate\\Foundation\\Http\\Middleware\\CheckForMaintenanceMode->handle(Object(Illuminate\\Http\\Request), Object(Closure))
#47 /home/otgpanel2017/public_html/[WEBSITES]/efodia.com/user/api/vendor/fruitcake/laravel-cors/src/HandleCors.php(37): Illuminate\\Pipeline\\Pipeline->Illuminate\\Pipeline\\{closure}(Object(Illuminate\\Http\\Request))
#48 /home/otgpanel2017/public_html/[WEBSITES]/efodia.com/user/api/vendor/laravel/framework/src/Illuminate/Pipeline/Pipeline.php(167): Fruitcake\\Cors\\HandleCors->handle(Object(Illuminate\\Http\\Request), Object(Closure))
#49 /home/otgpanel2017/public_html/[WEBSITES]/efodia.com/user/api/vendor/fideloper/proxy/src/TrustProxies.php(57): Illuminate\\Pipeline\\Pipeline->Illuminate\\Pipeline\\{closure}(Object(Illuminate\\Http\\Request))
#50 /home/otgpanel2017/public_html/[WEBSITES]/efodia.com/user/api/vendor/laravel/framework/src/Illuminate/Pipeline/Pipeline.php(167): Fideloper\\Proxy\\TrustProxies->handle(Object(Illuminate\\Http\\Request), Object(Closure))
#51 /home/otgpanel2017/public_html/[WEBSITES]/efodia.com/user/api/vendor/laravel/framework/src/Illuminate/Pipeline/Pipeline.php(103): Illuminate\\Pipeline\\Pipeline->Illuminate\\Pipeline\\{closure}(Object(Illuminate\\Http\\Request))
#52 /home/otgpanel2017/public_html/[WEBSITES]/efodia.com/user/api/vendor/laravel/framework/src/Illuminate/Foundation/Http/Kernel.php(140): Illuminate\\Pipeline\\Pipeline->then(Object(Closure))
#53 /home/otgpanel2017/public_html/[WEBSITES]/efodia.com/user/api/vendor/laravel/framework/src/Illuminate/Foundation/Http/Kernel.php(109): Illuminate\\Foundation\\Http\\Kernel->sendRequestThroughRouter(Object(Illuminate\\Http\\Request))
#54 /home/otgpanel2017/public_html/[WEBSITES]/efodia.com/user/api/public/index.php(55): Illuminate\\Foundation\\Http\\Kernel->handle(Object(Illuminate\\Http\\Request))
#55 {main}
"} 
[2021-08-30 13:52:02] local.ERROR: View [welcome] not found. {"exception":"[object] (InvalidArgumentException(code: 0): View [welcome] not found. at /home/otgpanel2017/public_html/[WEBSITES]/efodia.com/user/api/vendor/laravel/framework/src/Illuminate/View/FileViewFinder.php:137)
[stacktrace]
#0 /home/otgpanel2017/public_html/[WEBSITES]/efodia.com/user/api/vendor/laravel/framework/src/Illuminate/View/FileViewFinder.php(79): Illuminate\\View\\FileViewFinder->findInPaths('welcome', Array)
#1 /home/otgpanel2017/public_html/[WEBSITES]/efodia.com/user/api/vendor/laravel/framework/src/Illuminate/View/Factory.php(138): Illuminate\\View\\FileViewFinder->find('welcome')
#2 /home/otgpanel2017/public_html/[WEBSITES]/efodia.com/user/api/vendor/laravel/framework/src/Illuminate/Foundation/helpers.php(961): Illuminate\\View\\Factory->make('welcome', Array, Array)
#3 /home/otgpanel2017/public_html/[WEBSITES]/efodia.com/user/api/routes/web.php(17): view('welcome')
#4 /home/otgpanel2017/public_html/[WEBSITES]/efodia.com/user/api/vendor/laravel/framework/src/Illuminate/Routing/Route.php(225): Illuminate\\Routing\\RouteFileRegistrar->{closure}()
#5 /home/otgpanel2017/public_html/[WEBSITES]/efodia.com/user/api/vendor/laravel/framework/src/Illuminate/Routing/Route.php(199): Illuminate\\Routing\\Route->runCallable()
#6 /home/otgpanel2017/public_html/[WEBSITES]/efodia.com/user/api/vendor/laravel/framework/src/Illuminate/Routing/Router.php(685): Illuminate\\Routing\\Route->run()
#7 /home/otgpanel2017/public_html/[WEBSITES]/efodia.com/user/api/vendor/laravel/framework/src/Illuminate/Pipeline/Pipeline.php(128): Illuminate\\Routing\\Router->Illuminate\\Routing\\{closure}(Object(Illuminate\\Http\\Request))
#8 /home/otgpanel2017/public_html/[WEBSITES]/efodia.com/user/api/vendor/laravel/framework/src/Illuminate/Routing/Middleware/SubstituteBindings.php(41): Illuminate\\Pipeline\\Pipeline->Illuminate\\Pipeline\\{closure}(Object(Illuminate\\Http\\Request))
#9 /home/otgpanel2017/public_html/[WEBSITES]/efodia.com/user/api/vendor/laravel/framework/src/Illuminate/Pipeline/Pipeline.php(167): Illuminate\\Routing\\Middleware\\SubstituteBindings->handle(Object(Illuminate\\Http\\Request), Object(Closure))
#10 /home/otgpanel2017/public_html/[WEBSITES]/efodia.com/user/api/vendor/laravel/framework/src/Illuminate/Foundation/Http/Middleware/VerifyCsrfToken.php(78): Illuminate\\Pipeline\\Pipeline->Illuminate\\Pipeline\\{closure}(Object(Illuminate\\Http\\Request))
#11 /home/otgpanel2017/public_html/[WEBSITES]/efodia.com/user/api/vendor/laravel/framework/src/Illuminate/Pipeline/Pipeline.php(167): Illuminate\\Foundation\\Http\\Middleware\\VerifyCsrfToken->handle(Object(Illuminate\\Http\\Request), Object(Closure))
#12 /home/otgpanel2017/public_html/[WEBSITES]/efodia.com/user/api/vendor/laravel/framework/src/Illuminate/View/Middleware/ShareErrorsFromSession.php(49): Illuminate\\Pipeline\\Pipeline->Illuminate\\Pipeline\\{closure}(Object(Illuminate\\Http\\Request))
#13 /home/otgpanel2017/public_html/[WEBSITES]/efodia.com/user/api/vendor/laravel/framework/src/Illuminate/Pipeline/Pipeline.php(167): Illuminate\\View\\Middleware\\ShareErrorsFromSession->handle(Object(Illuminate\\Http\\Request), Object(Closure))
#14 /home/otgpanel2017/public_html/[WEBSITES]/efodia.com/user/api/vendor/laravel/framework/src/Illuminate/Session/Middleware/StartSession.php(116): Illuminate\\Pipeline\\Pipeline->Illuminate\\Pipeline\\{closure}(Object(Illuminate\\Http\\Request))
#15 /home/otgpanel2017/public_html/[WEBSITES]/efodia.com/user/api/vendor/laravel/framework/src/Illuminate/Session/Middleware/StartSession.php(62): Illuminate\\Session\\Middleware\\StartSession->handleStatefulRequest(Object(Illuminate\\Http\\Request), Object(Illuminate\\Session\\Store), Object(Closure))
#16 /home/otgpanel2017/public_html/[WEBSITES]/efodia.com/user/api/vendor/laravel/framework/src/Illuminate/Pipeline/Pipeline.php(167): Illuminate\\Session\\Middleware\\StartSession->handle(Object(Illuminate\\Http\\Request), Object(Closure))
#17 /home/otgpanel2017/public_html/[WEBSITES]/efodia.com/user/api/vendor/laravel/framework/src/Illuminate/Cookie/Middleware/AddQueuedCookiesToResponse.php(37): Illuminate\\Pipeline\\Pipeline->Illuminate\\Pipeline\\{closure}(Object(Illuminate\\Http\\Request))
#18 /home/otgpanel2017/public_html/[WEBSITES]/efodia.com/user/api/vendor/laravel/framework/src/Illuminate/Pipeline/Pipeline.php(167): Illuminate\\Cookie\\Middleware\\AddQueuedCookiesToResponse->handle(Object(Illuminate\\Http\\Request), Object(Closure))
#19 /home/otgpanel2017/public_html/[WEBSITES]/efodia.com/user/api/vendor/laravel/framework/src/Illuminate/Cookie/Middleware/EncryptCookies.php(67): Illuminate\\Pipeline\\Pipeline->Illuminate\\Pipeline\\{closure}(Object(Illuminate\\Http\\Request))
#20 /home/otgpanel2017/public_html/[WEBSITES]/efodia.com/user/api/vendor/laravel/framework/src/Illuminate/Pipeline/Pipeline.php(167): Illuminate\\Cookie\\Middleware\\EncryptCookies->handle(Object(Illuminate\\Http\\Request), Object(Closure))
#21 /home/otgpanel2017/public_html/[WEBSITES]/efodia.com/user/api/vendor/laravel/framework/src/Illuminate/Pipeline/Pipeline.php(103): Illuminate\\Pipeline\\Pipeline->Illuminate\\Pipeline\\{closure}(Object(Illuminate\\Http\\Request))
#22 /home/otgpanel2017/public_html/[WEBSITES]/efodia.com/user/api/vendor/laravel/framework/src/Illuminate/Routing/Router.php(687): Illuminate\\Pipeline\\Pipeline->then(Object(Closure))
#23 /home/otgpanel2017/public_html/[WEBSITES]/efodia.com/user/api/vendor/laravel/framework/src/Illuminate/Routing/Router.php(662): Illuminate\\Routing\\Router->runRouteWithinStack(Object(Illuminate\\Routing\\Route), Object(Illuminate\\Http\\Request))
#24 /home/otgpanel2017/public_html/[WEBSITES]/efodia.com/user/api/vendor/laravel/framework/src/Illuminate/Routing/Router.php(628): Illuminate\\Routing\\Router->runRoute(Object(Illuminate\\Http\\Request), Object(Illuminate\\Routing\\Route))
#25 /home/otgpanel2017/public_html/[WEBSITES]/efodia.com/user/api/vendor/laravel/framework/src/Illuminate/Routing/Router.php(617): Illuminate\\Routing\\Router->dispatchToRoute(Object(Illuminate\\Http\\Request))
#26 /home/otgpanel2017/public_html/[WEBSITES]/efodia.com/user/api/vendor/laravel/framework/src/Illuminate/Foundation/Http/Kernel.php(165): Illuminate\\Routing\\Router->dispatch(Object(Illuminate\\Http\\Request))
#27 /home/otgpanel2017/public_html/[WEBSITES]/efodia.com/user/api/vendor/laravel/framework/src/Illuminate/Pipeline/Pipeline.php(128): Illuminate\\Foundation\\Http\\Kernel->Illuminate\\Foundation\\Http\\{closure}(Object(Illuminate\\Http\\Request))
#28 /home/otgpanel2017/public_html/[WEBSITES]/efodia.com/user/api/vendor/laravel/framework/src/Illuminate/Foundation/Http/Middleware/TransformsRequest.php(21): Illuminate\\Pipeline\\Pipeline->Illuminate\\Pipeline\\{closure}(Object(Illuminate\\Http\\Request))
#29 /home/otgpanel2017/public_html/[WEBSITES]/efodia.com/user/api/vendor/laravel/framework/src/Illuminate/Pipeline/Pipeline.php(167): Illuminate\\Foundation\\Http\\Middleware\\TransformsRequest->handle(Object(Illuminate\\Http\\Request), Object(Closure))
#30 /home/otgpanel2017/public_html/[WEBSITES]/efodia.com/user/api/vendor/laravel/framework/src/Illuminate/Foundation/Http/Middleware/TransformsRequest.php(21): Illuminate\\Pipeline\\Pipeline->Illuminate\\Pipeline\\{closure}(Object(Illuminate\\Http\\Request))
#31 /home/otgpanel2017/public_html/[WEBSITES]/efodia.com/user/api/vendor/laravel/framework/src/Illuminate/Pipeline/Pipeline.php(167): Illuminate\\Foundation\\Http\\Middleware\\TransformsRequest->handle(Object(Illuminate\\Http\\Request), Object(Closure))
#32 /home/otgpanel2017/public_html/[WEBSITES]/efodia.com/user/api/vendor/laravel/framework/src/Illuminate/Foundation/Http/Middleware/ValidatePostSize.php(27): Illuminate\\Pipeline\\Pipeline->Illuminate\\Pipeline\\{closure}(Object(Illuminate\\Http\\Request))
#33 /home/otgpanel2017/public_html/[WEBSITES]/efodia.com/user/api/vendor/laravel/framework/src/Illuminate/Pipeline/Pipeline.php(167): Illuminate\\Foundation\\Http\\Middleware\\ValidatePostSize->handle(Object(Illuminate\\Http\\Request), Object(Closure))
#34 /home/otgpanel2017/public_html/[WEBSITES]/efodia.com/user/api/vendor/laravel/framework/src/Illuminate/Foundation/Http/Middleware/CheckForMaintenanceMode.php(63): Illuminate\\Pipeline\\Pipeline->Illuminate\\Pipeline\\{closure}(Object(Illuminate\\Http\\Request))
#35 /home/otgpanel2017/public_html/[WEBSITES]/efodia.com/user/api/vendor/laravel/framework/src/Illuminate/Pipeline/Pipeline.php(167): Illuminate\\Foundation\\Http\\Middleware\\CheckForMaintenanceMode->handle(Object(Illuminate\\Http\\Request), Object(Closure))
#36 /home/otgpanel2017/public_html/[WEBSITES]/efodia.com/user/api/vendor/fruitcake/laravel-cors/src/HandleCors.php(37): Illuminate\\Pipeline\\Pipeline->Illuminate\\Pipeline\\{closure}(Object(Illuminate\\Http\\Request))
#37 /home/otgpanel2017/public_html/[WEBSITES]/efodia.com/user/api/vendor/laravel/framework/src/Illuminate/Pipeline/Pipeline.php(167): Fruitcake\\Cors\\HandleCors->handle(Object(Illuminate\\Http\\Request), Object(Closure))
#38 /home/otgpanel2017/public_html/[WEBSITES]/efodia.com/user/api/vendor/fideloper/proxy/src/TrustProxies.php(57): Illuminate\\Pipeline\\Pipeline->Illuminate\\Pipeline\\{closure}(Object(Illuminate\\Http\\Request))
#39 /home/otgpanel2017/public_html/[WEBSITES]/efodia.com/user/api/vendor/laravel/framework/src/Illuminate/Pipeline/Pipeline.php(167): Fideloper\\Proxy\\TrustProxies->handle(Object(Illuminate\\Http\\Request), Object(Closure))
#40 /home/otgpanel2017/public_html/[WEBSITES]/efodia.com/user/api/vendor/laravel/framework/src/Illuminate/Pipeline/Pipeline.php(103): Illuminate\\Pipeline\\Pipeline->Illuminate\\Pipeline\\{closure}(Object(Illuminate\\Http\\Request))
#41 /home/otgpanel2017/public_html/[WEBSITES]/efodia.com/user/api/vendor/laravel/framework/src/Illuminate/Foundation/Http/Kernel.php(140): Illuminate\\Pipeline\\Pipeline->then(Object(Closure))
#42 /home/otgpanel2017/public_html/[WEBSITES]/efodia.com/user/api/vendor/laravel/framework/src/Illuminate/Foundation/Http/Kernel.php(109): Illuminate\\Foundation\\Http\\Kernel->sendRequestThroughRouter(Object(Illuminate\\Http\\Request))
#43 /home/otgpanel2017/public_html/[WEBSITES]/efodia.com/user/api/public/index.php(55): Illuminate\\Foundation\\Http\\Kernel->handle(Object(Illuminate\\Http\\Request))
#44 {main}
"} 
[2021-08-30 13:52:03] local.ERROR: file_put_contents(C:\Users\pc\efodia\storage\framework/sessions/bV6FQdFXESjcykH8vaxpu1PLwSkFrp9f4XyKWqC4): failed to open stream: No such file or directory {"exception":"[object] (ErrorException(code: 0): file_put_contents(C:\\Users\\pc\\efodia\\storage\\framework/sessions/bV6FQdFXESjcykH8vaxpu1PLwSkFrp9f4XyKWqC4): failed to open stream: No such file or directory at /home/otgpanel2017/public_html/[WEBSITES]/efodia.com/user/api/vendor/laravel/framework/src/Illuminate/Filesystem/Filesystem.php:135)
[stacktrace]
#0 [internal function]: Illuminate\\Foundation\\Bootstrap\\HandleExceptions->handleError(2, 'file_put_conten...', '/home/otgpanel2...', 135, Array)
#1 /home/otgpanel2017/public_html/[WEBSITES]/efodia.com/user/api/vendor/laravel/framework/src/Illuminate/Filesystem/Filesystem.php(135): file_put_contents('C:\\\\Users\\\\pc\\\\efo...', 'a:3:{s:6:\"_toke...', 2)
#2 /home/otgpanel2017/public_html/[WEBSITES]/efodia.com/user/api/vendor/laravel/framework/src/Illuminate/Session/FileSessionHandler.php(83): Illuminate\\Filesystem\\Filesystem->put('C:\\\\Users\\\\pc\\\\efo...', 'a:3:{s:6:\"_toke...', true)
#3 /home/otgpanel2017/public_html/[WEBSITES]/efodia.com/user/api/vendor/laravel/framework/src/Illuminate/Session/Store.php(129): Illuminate\\Session\\FileSessionHandler->write('bV6FQdFXESjcykH...', 'a:3:{s:6:\"_toke...')
#4 /home/otgpanel2017/public_html/[WEBSITES]/efodia.com/user/api/vendor/laravel/framework/src/Illuminate/Session/Middleware/StartSession.php(231): Illuminate\\Session\\Store->save()
#5 /home/otgpanel2017/public_html/[WEBSITES]/efodia.com/user/api/vendor/laravel/framework/src/Illuminate/Session/Middleware/StartSession.php(125): Illuminate\\Session\\Middleware\\StartSession->saveSession(Object(Illuminate\\Http\\Request))
#6 /home/otgpanel2017/public_html/[WEBSITES]/efodia.com/user/api/vendor/laravel/framework/src/Illuminate/Session/Middleware/StartSession.php(62): Illuminate\\Session\\Middleware\\StartSession->handleStatefulRequest(Object(Illuminate\\Http\\Request), Object(Illuminate\\Session\\Store), Object(Closure))
#7 /home/otgpanel2017/public_html/[WEBSITES]/efodia.com/user/api/vendor/laravel/framework/src/Illuminate/Pipeline/Pipeline.php(167): Illuminate\\Session\\Middleware\\StartSession->handle(Object(Illuminate\\Http\\Request), Object(Closure))
#8 /home/otgpanel2017/public_html/[WEBSITES]/efodia.com/user/api/vendor/laravel/framework/src/Illuminate/Cookie/Middleware/AddQueuedCookiesToResponse.php(37): Illuminate\\Pipeline\\Pipeline->Illuminate\\Pipeline\\{closure}(Object(Illuminate\\Http\\Request))
#9 /home/otgpanel2017/public_html/[WEBSITES]/efodia.com/user/api/vendor/laravel/framework/src/Illuminate/Pipeline/Pipeline.php(167): Illuminate\\Cookie\\Middleware\\AddQueuedCookiesToResponse->handle(Object(Illuminate\\Http\\Request), Object(Closure))
#10 /home/otgpanel2017/public_html/[WEBSITES]/efodia.com/user/api/vendor/laravel/framework/src/Illuminate/Cookie/Middleware/EncryptCookies.php(67): Illuminate\\Pipeline\\Pipeline->Illuminate\\Pipeline\\{closure}(Object(Illuminate\\Http\\Request))
#11 /home/otgpanel2017/public_html/[WEBSITES]/efodia.com/user/api/vendor/laravel/framework/src/Illuminate/Pipeline/Pipeline.php(167): Illuminate\\Cookie\\Middleware\\EncryptCookies->handle(Object(Illuminate\\Http\\Request), Object(Closure))
#12 /home/otgpanel2017/public_html/[WEBSITES]/efodia.com/user/api/vendor/laravel/framework/src/Illuminate/Pipeline/Pipeline.php(103): Illuminate\\Pipeline\\Pipeline->Illuminate\\Pipeline\\{closure}(Object(Illuminate\\Http\\Request))
#13 /home/otgpanel2017/public_html/[WEBSITES]/efodia.com/user/api/vendor/laravel/framework/src/Illuminate/Routing/Router.php(687): Illuminate\\Pipeline\\Pipeline->then(Object(Closure))
#14 /home/otgpanel2017/public_html/[WEBSITES]/efodia.com/user/api/vendor/laravel/framework/src/Illuminate/Routing/Router.php(662): Illuminate\\Routing\\Router->runRouteWithinStack(Object(Illuminate\\Routing\\Route), Object(Illuminate\\Http\\Request))
#15 /home/otgpanel2017/public_html/[WEBSITES]/efodia.com/user/api/vendor/laravel/framework/src/Illuminate/Routing/Router.php(628): Illuminate\\Routing\\Router->runRoute(Object(Illuminate\\Http\\Request), Object(Illuminate\\Routing\\Route))
#16 /home/otgpanel2017/public_html/[WEBSITES]/efodia.com/user/api/vendor/laravel/framework/src/Illuminate/Routing/Router.php(617): Illuminate\\Routing\\Router->dispatchToRoute(Object(Illuminate\\Http\\Request))
#17 /home/otgpanel2017/public_html/[WEBSITES]/efodia.com/user/api/vendor/laravel/framework/src/Illuminate/Foundation/Http/Kernel.php(165): Illuminate\\Routing\\Router->dispatch(Object(Illuminate\\Http\\Request))
#18 /home/otgpanel2017/public_html/[WEBSITES]/efodia.com/user/api/vendor/laravel/framework/src/Illuminate/Pipeline/Pipeline.php(128): Illuminate\\Foundation\\Http\\Kernel->Illuminate\\Foundation\\Http\\{closure}(Object(Illuminate\\Http\\Request))
#19 /home/otgpanel2017/public_html/[WEBSITES]/efodia.com/user/api/vendor/laravel/framework/src/Illuminate/Foundation/Http/Middleware/TransformsRequest.php(21): Illuminate\\Pipeline\\Pipeline->Illuminate\\Pipeline\\{closure}(Object(Illuminate\\Http\\Request))
#20 /home/otgpanel2017/public_html/[WEBSITES]/efodia.com/user/api/vendor/laravel/framework/src/Illuminate/Pipeline/Pipeline.php(167): Illuminate\\Foundation\\Http\\Middleware\\TransformsRequest->handle(Object(Illuminate\\Http\\Request), Object(Closure))
#21 /home/otgpanel2017/public_html/[WEBSITES]/efodia.com/user/api/vendor/laravel/framework/src/Illuminate/Foundation/Http/Middleware/TransformsRequest.php(21): Illuminate\\Pipeline\\Pipeline->Illuminate\\Pipeline\\{closure}(Object(Illuminate\\Http\\Request))
#22 /home/otgpanel2017/public_html/[WEBSITES]/efodia.com/user/api/vendor/laravel/framework/src/Illuminate/Pipeline/Pipeline.php(167): Illuminate\\Foundation\\Http\\Middleware\\TransformsRequest->handle(Object(Illuminate\\Http\\Request), Object(Closure))
#23 /home/otgpanel2017/public_html/[WEBSITES]/efodia.com/user/api/vendor/laravel/framework/src/Illuminate/Foundation/Http/Middleware/ValidatePostSize.php(27): Illuminate\\Pipeline\\Pipeline->Illuminate\\Pipeline\\{closure}(Object(Illuminate\\Http\\Request))
#24 /home/otgpanel2017/public_html/[WEBSITES]/efodia.com/user/api/vendor/laravel/framework/src/Illuminate/Pipeline/Pipeline.php(167): Illuminate\\Foundation\\Http\\Middleware\\ValidatePostSize->handle(Object(Illuminate\\Http\\Request), Object(Closure))
#25 /home/otgpanel2017/public_html/[WEBSITES]/efodia.com/user/api/vendor/laravel/framework/src/Illuminate/Foundation/Http/Middleware/CheckForMaintenanceMode.php(63): Illuminate\\Pipeline\\Pipeline->Illuminate\\Pipeline\\{closure}(Object(Illuminate\\Http\\Request))
#26 /home/otgpanel2017/public_html/[WEBSITES]/efodia.com/user/api/vendor/laravel/framework/src/Illuminate/Pipeline/Pipeline.php(167): Illuminate\\Foundation\\Http\\Middleware\\CheckForMaintenanceMode->handle(Object(Illuminate\\Http\\Request), Object(Closure))
#27 /home/otgpanel2017/public_html/[WEBSITES]/efodia.com/user/api/vendor/fruitcake/laravel-cors/src/HandleCors.php(37): Illuminate\\Pipeline\\Pipeline->Illuminate\\Pipeline\\{closure}(Object(Illuminate\\Http\\Request))
#28 /home/otgpanel2017/public_html/[WEBSITES]/efodia.com/user/api/vendor/laravel/framework/src/Illuminate/Pipeline/Pipeline.php(167): Fruitcake\\Cors\\HandleCors->handle(Object(Illuminate\\Http\\Request), Object(Closure))
#29 /home/otgpanel2017/public_html/[WEBSITES]/efodia.com/user/api/vendor/fideloper/proxy/src/TrustProxies.php(57): Illuminate\\Pipeline\\Pipeline->Illuminate\\Pipeline\\{closure}(Object(Illuminate\\Http\\Request))
#30 /home/otgpanel2017/public_html/[WEBSITES]/efodia.com/user/api/vendor/laravel/framework/src/Illuminate/Pipeline/Pipeline.php(167): Fideloper\\Proxy\\TrustProxies->handle(Object(Illuminate\\Http\\Request), Object(Closure))
#31 /home/otgpanel2017/public_html/[WEBSITES]/efodia.com/user/api/vendor/laravel/framework/src/Illuminate/Pipeline/Pipeline.php(103): Illuminate\\Pipeline\\Pipeline->Illuminate\\Pipeline\\{closure}(Object(Illuminate\\Http\\Request))
#32 /home/otgpanel2017/public_html/[WEBSITES]/efodia.com/user/api/vendor/laravel/framework/src/Illuminate/Foundation/Http/Kernel.php(140): Illuminate\\Pipeline\\Pipeline->then(Object(Closure))
#33 /home/otgpanel2017/public_html/[WEBSITES]/efodia.com/user/api/vendor/laravel/framework/src/Illuminate/Foundation/Http/Kernel.php(109): Illuminate\\Foundation\\Http\\Kernel->sendRequestThroughRouter(Object(Illuminate\\Http\\Request))
#34 /home/otgpanel2017/public_html/[WEBSITES]/efodia.com/user/api/public/index.php(55): Illuminate\\Foundation\\Http\\Kernel->handle(Object(Illuminate\\Http\\Request))
#35 {main}
"} 
[2021-08-30 13:52:05] local.ERROR: file_put_contents(C:\Users\pc\efodia\storage\framework\views/b7043580f7147b6ff6d5ac05edf2ef3175296b86.php): failed to open stream: No such file or directory {"exception":"[object] (ErrorException(code: 0): file_put_contents(C:\\Users\\pc\\efodia\\storage\\framework\\views/b7043580f7147b6ff6d5ac05edf2ef3175296b86.php): failed to open stream: No such file or directory at /home/otgpanel2017/public_html/[WEBSITES]/efodia.com/user/api/vendor/laravel/framework/src/Illuminate/Filesystem/Filesystem.php:135)
[stacktrace]
#0 [internal function]: Illuminate\\Foundation\\Bootstrap\\HandleExceptions->handleError(2, 'file_put_conten...', '/home/otgpanel2...', 135, Array)
#1 /home/otgpanel2017/public_html/[WEBSITES]/efodia.com/user/api/vendor/laravel/framework/src/Illuminate/Filesystem/Filesystem.php(135): file_put_contents('C:\\\\Users\\\\pc\\\\efo...', '<?php $__env->s...', 0)
#2 /home/otgpanel2017/public_html/[WEBSITES]/efodia.com/user/api/vendor/laravel/framework/src/Illuminate/View/Compilers/BladeCompiler.php(150): Illuminate\\Filesystem\\Filesystem->put('C:\\\\Users\\\\pc\\\\efo...', '<?php $__env->s...')
#3 /home/otgpanel2017/public_html/[WEBSITES]/efodia.com/user/api/vendor/laravel/framework/src/Illuminate/View/Engines/CompilerEngine.php(51): Illuminate\\View\\Compilers\\BladeCompiler->compile('/home/otgpanel2...')
#4 /home/otgpanel2017/public_html/[WEBSITES]/efodia.com/user/api/vendor/facade/ignition/src/Views/Engines/CompilerEngine.php(37): Illuminate\\View\\Engines\\CompilerEngine->get('/home/otgpanel2...', Array)
#5 /home/otgpanel2017/public_html/[WEBSITES]/efodia.com/user/api/vendor/laravel/framework/src/Illuminate/View/View.php(139): Facade\\Ignition\\Views\\Engines\\CompilerEngine->get('/home/otgpanel2...', Array)
#6 /home/otgpanel2017/public_html/[WEBSITES]/efodia.com/user/api/vendor/laravel/framework/src/Illuminate/View/View.php(122): Illuminate\\View\\View->getContents()
#7 /home/otgpanel2017/public_html/[WEBSITES]/efodia.com/user/api/vendor/laravel/framework/src/Illuminate/View/View.php(91): Illuminate\\View\\View->renderContents()
#8 /home/otgpanel2017/public_html/[WEBSITES]/efodia.com/user/api/vendor/laravel/framework/src/Illuminate/Http/Response.php(62): Illuminate\\View\\View->render()
#9 /home/otgpanel2017/public_html/[WEBSITES]/efodia.com/user/api/vendor/laravel/framework/src/Illuminate/Http/Response.php(34): Illuminate\\Http\\Response->setContent(Object(Illuminate\\View\\View))
#10 /home/otgpanel2017/public_html/[WEBSITES]/efodia.com/user/api/vendor/laravel/framework/src/Illuminate/Routing/ResponseFactory.php(55): Illuminate\\Http\\Response->__construct(Object(Illuminate\\View\\View), 404, Array)
#11 /home/otgpanel2017/public_html/[WEBSITES]/efodia.com/user/api/vendor/laravel/framework/src/Illuminate/Routing/ResponseFactory.php(85): Illuminate\\Routing\\ResponseFactory->make(Object(Illuminate\\View\\View), 404, Array)
#12 /home/otgpanel2017/public_html/[WEBSITES]/efodia.com/user/api/vendor/laravel/framework/src/Illuminate/Foundation/Exceptions/Handler.php(409): Illuminate\\Routing\\ResponseFactory->view('errors::404', Array, 404, Array)
#13 /home/otgpanel2017/public_html/[WEBSITES]/efodia.com/user/api/vendor/laravel/framework/src/Illuminate/Foundation/Exceptions/Handler.php(314): Illuminate\\Foundation\\Exceptions\\Handler->renderHttpException(Object(Symfony\\Component\\HttpKernel\\Exception\\NotFoundHttpException))
#14 /home/otgpanel2017/public_html/[WEBSITES]/efodia.com/user/api/vendor/laravel/framework/src/Illuminate/Foundation/Exceptions/Handler.php(211): Illuminate\\Foundation\\Exceptions\\Handler->prepareResponse(Object(Illuminate\\Http\\Request), Object(Symfony\\Component\\HttpKernel\\Exception\\NotFoundHttpException))
#15 /home/otgpanel2017/public_html/[WEBSITES]/efodia.com/user/api/app/Exceptions/Handler.php(53): Illuminate\\Foundation\\Exceptions\\Handler->render(Object(Illuminate\\Http\\Request), Object(Symfony\\Component\\HttpKernel\\Exception\\NotFoundHttpException))
#16 /home/otgpanel2017/public_html/[WEBSITES]/efodia.com/user/api/vendor/laravel/framework/src/Illuminate/Routing/Pipeline.php(51): App\\Exceptions\\Handler->render(Object(Illuminate\\Http\\Request), Object(Symfony\\Component\\HttpKernel\\Exception\\NotFoundHttpException))
#17 /home/otgpanel2017/public_html/[WEBSITES]/efodia.com/user/api/vendor/laravel/framework/src/Illuminate/Pipeline/Pipeline.php(130): Illuminate\\Routing\\Pipeline->handleException(Object(Illuminate\\Http\\Request), Object(Symfony\\Component\\HttpKernel\\Exception\\NotFoundHttpException))
#18 /home/otgpanel2017/public_html/[WEBSITES]/efodia.com/user/api/vendor/laravel/framework/src/Illuminate/Foundation/Http/Middleware/TransformsRequest.php(21): Illuminate\\Pipeline\\Pipeline->Illuminate\\Pipeline\\{closure}(Object(Illuminate\\Http\\Request))
#19 /home/otgpanel2017/public_html/[WEBSITES]/efodia.com/user/api/vendor/laravel/framework/src/Illuminate/Pipeline/Pipeline.php(167): Illuminate\\Foundation\\Http\\Middleware\\TransformsRequest->handle(Object(Illuminate\\Http\\Request), Object(Closure))
#20 /home/otgpanel2017/public_html/[WEBSITES]/efodia.com/user/api/vendor/laravel/framework/src/Illuminate/Foundation/Http/Middleware/TransformsRequest.php(21): Illuminate\\Pipeline\\Pipeline->Illuminate\\Pipeline\\{closure}(Object(Illuminate\\Http\\Request))
#21 /home/otgpanel2017/public_html/[WEBSITES]/efodia.com/user/api/vendor/laravel/framework/src/Illuminate/Pipeline/Pipeline.php(167): Illuminate\\Foundation\\Http\\Middleware\\TransformsRequest->handle(Object(Illuminate\\Http\\Request), Object(Closure))
#22 /home/otgpanel2017/public_html/[WEBSITES]/efodia.com/user/api/vendor/laravel/framework/src/Illuminate/Foundation/Http/Middleware/ValidatePostSize.php(27): Illuminate\\Pipeline\\Pipeline->Illuminate\\Pipeline\\{closure}(Object(Illuminate\\Http\\Request))
#23 /home/otgpanel2017/public_html/[WEBSITES]/efodia.com/user/api/vendor/laravel/framework/src/Illuminate/Pipeline/Pipeline.php(167): Illuminate\\Foundation\\Http\\Middleware\\ValidatePostSize->handle(Object(Illuminate\\Http\\Request), Object(Closure))
#24 /home/otgpanel2017/public_html/[WEBSITES]/efodia.com/user/api/vendor/laravel/framework/src/Illuminate/Foundation/Http/Middleware/CheckForMaintenanceMode.php(63): Illuminate\\Pipeline\\Pipeline->Illuminate\\Pipeline\\{closure}(Object(Illuminate\\Http\\Request))
#25 /home/otgpanel2017/public_html/[WEBSITES]/efodia.com/user/api/vendor/laravel/framework/src/Illuminate/Pipeline/Pipeline.php(167): Illuminate\\Foundation\\Http\\Middleware\\CheckForMaintenanceMode->handle(Object(Illuminate\\Http\\Request), Object(Closure))
#26 /home/otgpanel2017/public_html/[WEBSITES]/efodia.com/user/api/vendor/fruitcake/laravel-cors/src/HandleCors.php(37): Illuminate\\Pipeline\\Pipeline->Illuminate\\Pipeline\\{closure}(Object(Illuminate\\Http\\Request))
#27 /home/otgpanel2017/public_html/[WEBSITES]/efodia.com/user/api/vendor/laravel/framework/src/Illuminate/Pipeline/Pipeline.php(167): Fruitcake\\Cors\\HandleCors->handle(Object(Illuminate\\Http\\Request), Object(Closure))
#28 /home/otgpanel2017/public_html/[WEBSITES]/efodia.com/user/api/vendor/fideloper/proxy/src/TrustProxies.php(57): Illuminate\\Pipeline\\Pipeline->Illuminate\\Pipeline\\{closure}(Object(Illuminate\\Http\\Request))
#29 /home/otgpanel2017/public_html/[WEBSITES]/efodia.com/user/api/vendor/laravel/framework/src/Illuminate/Pipeline/Pipeline.php(167): Fideloper\\Proxy\\TrustProxies->handle(Object(Illuminate\\Http\\Request), Object(Closure))
#30 /home/otgpanel2017/public_html/[WEBSITES]/efodia.com/user/api/vendor/laravel/framework/src/Illuminate/Pipeline/Pipeline.php(103): Illuminate\\Pipeline\\Pipeline->Illuminate\\Pipeline\\{closure}(Object(Illuminate\\Http\\Request))
#31 /home/otgpanel2017/public_html/[WEBSITES]/efodia.com/user/api/vendor/laravel/framework/src/Illuminate/Foundation/Http/Kernel.php(140): Illuminate\\Pipeline\\Pipeline->then(Object(Closure))
#32 /home/otgpanel2017/public_html/[WEBSITES]/efodia.com/user/api/vendor/laravel/framework/src/Illuminate/Foundation/Http/Kernel.php(109): Illuminate\\Foundation\\Http\\Kernel->sendRequestThroughRouter(Object(Illuminate\\Http\\Request))
#33 /home/otgpanel2017/public_html/[WEBSITES]/efodia.com/user/api/public/index.php(55): Illuminate\\Foundation\\Http\\Kernel->handle(Object(Illuminate\\Http\\Request))
#34 {main}
"} 
[2021-08-30 13:52:21] local.ERROR: file_put_contents(C:\Users\pc\efodia\storage\framework\views/b7043580f7147b6ff6d5ac05edf2ef3175296b86.php): failed to open stream: No such file or directory {"exception":"[object] (ErrorException(code: 0): file_put_contents(C:\\Users\\pc\\efodia\\storage\\framework\\views/b7043580f7147b6ff6d5ac05edf2ef3175296b86.php): failed to open stream: No such file or directory at /home/otgpanel2017/public_html/[WEBSITES]/efodia.com/user/api/vendor/laravel/framework/src/Illuminate/Filesystem/Filesystem.php:135)
[stacktrace]
#0 [internal function]: Illuminate\\Foundation\\Bootstrap\\HandleExceptions->handleError(2, 'file_put_conten...', '/home/otgpanel2...', 135, Array)
#1 /home/otgpanel2017/public_html/[WEBSITES]/efodia.com/user/api/vendor/laravel/framework/src/Illuminate/Filesystem/Filesystem.php(135): file_put_contents('C:\\\\Users\\\\pc\\\\efo...', '<?php $__env->s...', 0)
#2 /home/otgpanel2017/public_html/[WEBSITES]/efodia.com/user/api/vendor/laravel/framework/src/Illuminate/View/Compilers/BladeCompiler.php(150): Illuminate\\Filesystem\\Filesystem->put('C:\\\\Users\\\\pc\\\\efo...', '<?php $__env->s...')
#3 /home/otgpanel2017/public_html/[WEBSITES]/efodia.com/user/api/vendor/laravel/framework/src/Illuminate/View/Engines/CompilerEngine.php(51): Illuminate\\View\\Compilers\\BladeCompiler->compile('/home/otgpanel2...')
#4 /home/otgpanel2017/public_html/[WEBSITES]/efodia.com/user/api/vendor/facade/ignition/src/Views/Engines/CompilerEngine.php(37): Illuminate\\View\\Engines\\CompilerEngine->get('/home/otgpanel2...', Array)
#5 /home/otgpanel2017/public_html/[WEBSITES]/efodia.com/user/api/vendor/laravel/framework/src/Illuminate/View/View.php(139): Facade\\Ignition\\Views\\Engines\\CompilerEngine->get('/home/otgpanel2...', Array)
#6 /home/otgpanel2017/public_html/[WEBSITES]/efodia.com/user/api/vendor/laravel/framework/src/Illuminate/View/View.php(122): Illuminate\\View\\View->getContents()
#7 /home/otgpanel2017/public_html/[WEBSITES]/efodia.com/user/api/vendor/laravel/framework/src/Illuminate/View/View.php(91): Illuminate\\View\\View->renderContents()
#8 /home/otgpanel2017/public_html/[WEBSITES]/efodia.com/user/api/vendor/laravel/framework/src/Illuminate/Http/Response.php(62): Illuminate\\View\\View->render()
#9 /home/otgpanel2017/public_html/[WEBSITES]/efodia.com/user/api/vendor/laravel/framework/src/Illuminate/Http/Response.php(34): Illuminate\\Http\\Response->setContent(Object(Illuminate\\View\\View))
#10 /home/otgpanel2017/public_html/[WEBSITES]/efodia.com/user/api/vendor/laravel/framework/src/Illuminate/Routing/ResponseFactory.php(55): Illuminate\\Http\\Response->__construct(Object(Illuminate\\View\\View), 404, Array)
#11 /home/otgpanel2017/public_html/[WEBSITES]/efodia.com/user/api/vendor/laravel/framework/src/Illuminate/Routing/ResponseFactory.php(85): Illuminate\\Routing\\ResponseFactory->make(Object(Illuminate\\View\\View), 404, Array)
#12 /home/otgpanel2017/public_html/[WEBSITES]/efodia.com/user/api/vendor/laravel/framework/src/Illuminate/Foundation/Exceptions/Handler.php(409): Illuminate\\Routing\\ResponseFactory->view('errors::404', Array, 404, Array)
#13 /home/otgpanel2017/public_html/[WEBSITES]/efodia.com/user/api/vendor/laravel/framework/src/Illuminate/Foundation/Exceptions/Handler.php(314): Illuminate\\Foundation\\Exceptions\\Handler->renderHttpException(Object(Symfony\\Component\\HttpKernel\\Exception\\NotFoundHttpException))
#14 /home/otgpanel2017/public_html/[WEBSITES]/efodia.com/user/api/vendor/laravel/framework/src/Illuminate/Foundation/Exceptions/Handler.php(211): Illuminate\\Foundation\\Exceptions\\Handler->prepareResponse(Object(Illuminate\\Http\\Request), Object(Symfony\\Component\\HttpKernel\\Exception\\NotFoundHttpException))
#15 /home/otgpanel2017/public_html/[WEBSITES]/efodia.com/user/api/app/Exceptions/Handler.php(53): Illuminate\\Foundation\\Exceptions\\Handler->render(Object(Illuminate\\Http\\Request), Object(Symfony\\Component\\HttpKernel\\Exception\\NotFoundHttpException))
#16 /home/otgpanel2017/public_html/[WEBSITES]/efodia.com/user/api/vendor/laravel/framework/src/Illuminate/Routing/Pipeline.php(51): App\\Exceptions\\Handler->render(Object(Illuminate\\Http\\Request), Object(Symfony\\Component\\HttpKernel\\Exception\\NotFoundHttpException))
#17 /home/otgpanel2017/public_html/[WEBSITES]/efodia.com/user/api/vendor/laravel/framework/src/Illuminate/Pipeline/Pipeline.php(130): Illuminate\\Routing\\Pipeline->handleException(Object(Illuminate\\Http\\Request), Object(Symfony\\Component\\HttpKernel\\Exception\\NotFoundHttpException))
#18 /home/otgpanel2017/public_html/[WEBSITES]/efodia.com/user/api/vendor/laravel/framework/src/Illuminate/Foundation/Http/Middleware/TransformsRequest.php(21): Illuminate\\Pipeline\\Pipeline->Illuminate\\Pipeline\\{closure}(Object(Illuminate\\Http\\Request))
#19 /home/otgpanel2017/public_html/[WEBSITES]/efodia.com/user/api/vendor/laravel/framework/src/Illuminate/Pipeline/Pipeline.php(167): Illuminate\\Foundation\\Http\\Middleware\\TransformsRequest->handle(Object(Illuminate\\Http\\Request), Object(Closure))
#20 /home/otgpanel2017/public_html/[WEBSITES]/efodia.com/user/api/vendor/laravel/framework/src/Illuminate/Foundation/Http/Middleware/TransformsRequest.php(21): Illuminate\\Pipeline\\Pipeline->Illuminate\\Pipeline\\{closure}(Object(Illuminate\\Http\\Request))
#21 /home/otgpanel2017/public_html/[WEBSITES]/efodia.com/user/api/vendor/laravel/framework/src/Illuminate/Pipeline/Pipeline.php(167): Illuminate\\Foundation\\Http\\Middleware\\TransformsRequest->handle(Object(Illuminate\\Http\\Request), Object(Closure))
#22 /home/otgpanel2017/public_html/[WEBSITES]/efodia.com/user/api/vendor/laravel/framework/src/Illuminate/Foundation/Http/Middleware/ValidatePostSize.php(27): Illuminate\\Pipeline\\Pipeline->Illuminate\\Pipeline\\{closure}(Object(Illuminate\\Http\\Request))
#23 /home/otgpanel2017/public_html/[WEBSITES]/efodia.com/user/api/vendor/laravel/framework/src/Illuminate/Pipeline/Pipeline.php(167): Illuminate\\Foundation\\Http\\Middleware\\ValidatePostSize->handle(Object(Illuminate\\Http\\Request), Object(Closure))
#24 /home/otgpanel2017/public_html/[WEBSITES]/efodia.com/user/api/vendor/laravel/framework/src/Illuminate/Foundation/Http/Middleware/CheckForMaintenanceMode.php(63): Illuminate\\Pipeline\\Pipeline->Illuminate\\Pipeline\\{closure}(Object(Illuminate\\Http\\Request))
#25 /home/otgpanel2017/public_html/[WEBSITES]/efodia.com/user/api/vendor/laravel/framework/src/Illuminate/Pipeline/Pipeline.php(167): Illuminate\\Foundation\\Http\\Middleware\\CheckForMaintenanceMode->handle(Object(Illuminate\\Http\\Request), Object(Closure))
#26 /home/otgpanel2017/public_html/[WEBSITES]/efodia.com/user/api/vendor/fruitcake/laravel-cors/src/HandleCors.php(37): Illuminate\\Pipeline\\Pipeline->Illuminate\\Pipeline\\{closure}(Object(Illuminate\\Http\\Request))
#27 /home/otgpanel2017/public_html/[WEBSITES]/efodia.com/user/api/vendor/laravel/framework/src/Illuminate/Pipeline/Pipeline.php(167): Fruitcake\\Cors\\HandleCors->handle(Object(Illuminate\\Http\\Request), Object(Closure))
#28 /home/otgpanel2017/public_html/[WEBSITES]/efodia.com/user/api/vendor/fideloper/proxy/src/TrustProxies.php(57): Illuminate\\Pipeline\\Pipeline->Illuminate\\Pipeline\\{closure}(Object(Illuminate\\Http\\Request))
#29 /home/otgpanel2017/public_html/[WEBSITES]/efodia.com/user/api/vendor/laravel/framework/src/Illuminate/Pipeline/Pipeline.php(167): Fideloper\\Proxy\\TrustProxies->handle(Object(Illuminate\\Http\\Request), Object(Closure))
#30 /home/otgpanel2017/public_html/[WEBSITES]/efodia.com/user/api/vendor/laravel/framework/src/Illuminate/Pipeline/Pipeline.php(103): Illuminate\\Pipeline\\Pipeline->Illuminate\\Pipeline\\{closure}(Object(Illuminate\\Http\\Request))
#31 /home/otgpanel2017/public_html/[WEBSITES]/efodia.com/user/api/vendor/laravel/framework/src/Illuminate/Foundation/Http/Kernel.php(140): Illuminate\\Pipeline\\Pipeline->then(Object(Closure))
#32 /home/otgpanel2017/public_html/[WEBSITES]/efodia.com/user/api/vendor/laravel/framework/src/Illuminate/Foundation/Http/Kernel.php(109): Illuminate\\Foundation\\Http\\Kernel->sendRequestThroughRouter(Object(Illuminate\\Http\\Request))
#33 /home/otgpanel2017/public_html/[WEBSITES]/efodia.com/user/api/public/index.php(55): Illuminate\\Foundation\\Http\\Kernel->handle(Object(Illuminate\\Http\\Request))
#34 {main}
"} 
[2021-08-30 13:52:27] local.ERROR: file_put_contents(C:\Users\pc\efodia\storage\framework\views/b7043580f7147b6ff6d5ac05edf2ef3175296b86.php): failed to open stream: No such file or directory {"exception":"[object] (ErrorException(code: 0): file_put_contents(C:\\Users\\pc\\efodia\\storage\\framework\\views/b7043580f7147b6ff6d5ac05edf2ef3175296b86.php): failed to open stream: No such file or directory at /home/otgpanel2017/public_html/[WEBSITES]/efodia.com/user/api/vendor/laravel/framework/src/Illuminate/Filesystem/Filesystem.php:135)
[stacktrace]
#0 [internal function]: Illuminate\\Foundation\\Bootstrap\\HandleExceptions->handleError(2, 'file_put_conten...', '/home/otgpanel2...', 135, Array)
#1 /home/otgpanel2017/public_html/[WEBSITES]/efodia.com/user/api/vendor/laravel/framework/src/Illuminate/Filesystem/Filesystem.php(135): file_put_contents('C:\\\\Users\\\\pc\\\\efo...', '<?php $__env->s...', 0)
#2 /home/otgpanel2017/public_html/[WEBSITES]/efodia.com/user/api/vendor/laravel/framework/src/Illuminate/View/Compilers/BladeCompiler.php(150): Illuminate\\Filesystem\\Filesystem->put('C:\\\\Users\\\\pc\\\\efo...', '<?php $__env->s...')
#3 /home/otgpanel2017/public_html/[WEBSITES]/efodia.com/user/api/vendor/laravel/framework/src/Illuminate/View/Engines/CompilerEngine.php(51): Illuminate\\View\\Compilers\\BladeCompiler->compile('/home/otgpanel2...')
#4 /home/otgpanel2017/public_html/[WEBSITES]/efodia.com/user/api/vendor/facade/ignition/src/Views/Engines/CompilerEngine.php(37): Illuminate\\View\\Engines\\CompilerEngine->get('/home/otgpanel2...', Array)
#5 /home/otgpanel2017/public_html/[WEBSITES]/efodia.com/user/api/vendor/laravel/framework/src/Illuminate/View/View.php(139): Facade\\Ignition\\Views\\Engines\\CompilerEngine->get('/home/otgpanel2...', Array)
#6 /home/otgpanel2017/public_html/[WEBSITES]/efodia.com/user/api/vendor/laravel/framework/src/Illuminate/View/View.php(122): Illuminate\\View\\View->getContents()
#7 /home/otgpanel2017/public_html/[WEBSITES]/efodia.com/user/api/vendor/laravel/framework/src/Illuminate/View/View.php(91): Illuminate\\View\\View->renderContents()
#8 /home/otgpanel2017/public_html/[WEBSITES]/efodia.com/user/api/vendor/laravel/framework/src/Illuminate/Http/Response.php(62): Illuminate\\View\\View->render()
#9 /home/otgpanel2017/public_html/[WEBSITES]/efodia.com/user/api/vendor/laravel/framework/src/Illuminate/Http/Response.php(34): Illuminate\\Http\\Response->setContent(Object(Illuminate\\View\\View))
#10 /home/otgpanel2017/public_html/[WEBSITES]/efodia.com/user/api/vendor/laravel/framework/src/Illuminate/Routing/ResponseFactory.php(55): Illuminate\\Http\\Response->__construct(Object(Illuminate\\View\\View), 404, Array)
#11 /home/otgpanel2017/public_html/[WEBSITES]/efodia.com/user/api/vendor/laravel/framework/src/Illuminate/Routing/ResponseFactory.php(85): Illuminate\\Routing\\ResponseFactory->make(Object(Illuminate\\View\\View), 404, Array)
#12 /home/otgpanel2017/public_html/[WEBSITES]/efodia.com/user/api/vendor/laravel/framework/src/Illuminate/Foundation/Exceptions/Handler.php(409): Illuminate\\Routing\\ResponseFactory->view('errors::404', Array, 404, Array)
#13 /home/otgpanel2017/public_html/[WEBSITES]/efodia.com/user/api/vendor/laravel/framework/src/Illuminate/Foundation/Exceptions/Handler.php(314): Illuminate\\Foundation\\Exceptions\\Handler->renderHttpException(Object(Symfony\\Component\\HttpKernel\\Exception\\NotFoundHttpException))
#14 /home/otgpanel2017/public_html/[WEBSITES]/efodia.com/user/api/vendor/laravel/framework/src/Illuminate/Foundation/Exceptions/Handler.php(211): Illuminate\\Foundation\\Exceptions\\Handler->prepareResponse(Object(Illuminate\\Http\\Request), Object(Symfony\\Component\\HttpKernel\\Exception\\NotFoundHttpException))
#15 /home/otgpanel2017/public_html/[WEBSITES]/efodia.com/user/api/app/Exceptions/Handler.php(53): Illuminate\\Foundation\\Exceptions\\Handler->render(Object(Illuminate\\Http\\Request), Object(Symfony\\Component\\HttpKernel\\Exception\\NotFoundHttpException))
#16 /home/otgpanel2017/public_html/[WEBSITES]/efodia.com/user/api/vendor/laravel/framework/src/Illuminate/Routing/Pipeline.php(51): App\\Exceptions\\Handler->render(Object(Illuminate\\Http\\Request), Object(Symfony\\Component\\HttpKernel\\Exception\\NotFoundHttpException))
#17 /home/otgpanel2017/public_html/[WEBSITES]/efodia.com/user/api/vendor/laravel/framework/src/Illuminate/Pipeline/Pipeline.php(130): Illuminate\\Routing\\Pipeline->handleException(Object(Illuminate\\Http\\Request), Object(Symfony\\Component\\HttpKernel\\Exception\\NotFoundHttpException))
#18 /home/otgpanel2017/public_html/[WEBSITES]/efodia.com/user/api/vendor/laravel/framework/src/Illuminate/Foundation/Http/Middleware/TransformsRequest.php(21): Illuminate\\Pipeline\\Pipeline->Illuminate\\Pipeline\\{closure}(Object(Illuminate\\Http\\Request))
#19 /home/otgpanel2017/public_html/[WEBSITES]/efodia.com/user/api/vendor/laravel/framework/src/Illuminate/Pipeline/Pipeline.php(167): Illuminate\\Foundation\\Http\\Middleware\\TransformsRequest->handle(Object(Illuminate\\Http\\Request), Object(Closure))
#20 /home/otgpanel2017/public_html/[WEBSITES]/efodia.com/user/api/vendor/laravel/framework/src/Illuminate/Foundation/Http/Middleware/TransformsRequest.php(21): Illuminate\\Pipeline\\Pipeline->Illuminate\\Pipeline\\{closure}(Object(Illuminate\\Http\\Request))
#21 /home/otgpanel2017/public_html/[WEBSITES]/efodia.com/user/api/vendor/laravel/framework/src/Illuminate/Pipeline/Pipeline.php(167): Illuminate\\Foundation\\Http\\Middleware\\TransformsRequest->handle(Object(Illuminate\\Http\\Request), Object(Closure))
#22 /home/otgpanel2017/public_html/[WEBSITES]/efodia.com/user/api/vendor/laravel/framework/src/Illuminate/Foundation/Http/Middleware/ValidatePostSize.php(27): Illuminate\\Pipeline\\Pipeline->Illuminate\\Pipeline\\{closure}(Object(Illuminate\\Http\\Request))
#23 /home/otgpanel2017/public_html/[WEBSITES]/efodia.com/user/api/vendor/laravel/framework/src/Illuminate/Pipeline/Pipeline.php(167): Illuminate\\Foundation\\Http\\Middleware\\ValidatePostSize->handle(Object(Illuminate\\Http\\Request), Object(Closure))
#24 /home/otgpanel2017/public_html/[WEBSITES]/efodia.com/user/api/vendor/laravel/framework/src/Illuminate/Foundation/Http/Middleware/CheckForMaintenanceMode.php(63): Illuminate\\Pipeline\\Pipeline->Illuminate\\Pipeline\\{closure}(Object(Illuminate\\Http\\Request))
#25 /home/otgpanel2017/public_html/[WEBSITES]/efodia.com/user/api/vendor/laravel/framework/src/Illuminate/Pipeline/Pipeline.php(167): Illuminate\\Foundation\\Http\\Middleware\\CheckForMaintenanceMode->handle(Object(Illuminate\\Http\\Request), Object(Closure))
#26 /home/otgpanel2017/public_html/[WEBSITES]/efodia.com/user/api/vendor/fruitcake/laravel-cors/src/HandleCors.php(37): Illuminate\\Pipeline\\Pipeline->Illuminate\\Pipeline\\{closure}(Object(Illuminate\\Http\\Request))
#27 /home/otgpanel2017/public_html/[WEBSITES]/efodia.com/user/api/vendor/laravel/framework/src/Illuminate/Pipeline/Pipeline.php(167): Fruitcake\\Cors\\HandleCors->handle(Object(Illuminate\\Http\\Request), Object(Closure))
#28 /home/otgpanel2017/public_html/[WEBSITES]/efodia.com/user/api/vendor/fideloper/proxy/src/TrustProxies.php(57): Illuminate\\Pipeline\\Pipeline->Illuminate\\Pipeline\\{closure}(Object(Illuminate\\Http\\Request))
#29 /home/otgpanel2017/public_html/[WEBSITES]/efodia.com/user/api/vendor/laravel/framework/src/Illuminate/Pipeline/Pipeline.php(167): Fideloper\\Proxy\\TrustProxies->handle(Object(Illuminate\\Http\\Request), Object(Closure))
#30 /home/otgpanel2017/public_html/[WEBSITES]/efodia.com/user/api/vendor/laravel/framework/src/Illuminate/Pipeline/Pipeline.php(103): Illuminate\\Pipeline\\Pipeline->Illuminate\\Pipeline\\{closure}(Object(Illuminate\\Http\\Request))
#31 /home/otgpanel2017/public_html/[WEBSITES]/efodia.com/user/api/vendor/laravel/framework/src/Illuminate/Foundation/Http/Kernel.php(140): Illuminate\\Pipeline\\Pipeline->then(Object(Closure))
#32 /home/otgpanel2017/public_html/[WEBSITES]/efodia.com/user/api/vendor/laravel/framework/src/Illuminate/Foundation/Http/Kernel.php(109): Illuminate\\Foundation\\Http\\Kernel->sendRequestThroughRouter(Object(Illuminate\\Http\\Request))
#33 /home/otgpanel2017/public_html/[WEBSITES]/efodia.com/user/api/public/index.php(55): Illuminate\\Foundation\\Http\\Kernel->handle(Object(Illuminate\\Http\\Request))
#34 {main}
"} 
[2021-08-30 13:58:02] local.ERROR: View [welcome] not found. {"exception":"[object] (InvalidArgumentException(code: 0): View [welcome] not found. at /home/otgpanel2017/public_html/[WEBSITES]/efodia.com/user/api/vendor/laravel/framework/src/Illuminate/View/FileViewFinder.php:137)
[stacktrace]
#0 /home/otgpanel2017/public_html/[WEBSITES]/efodia.com/user/api/vendor/laravel/framework/src/Illuminate/View/FileViewFinder.php(79): Illuminate\\View\\FileViewFinder->findInPaths('welcome', Array)
#1 /home/otgpanel2017/public_html/[WEBSITES]/efodia.com/user/api/vendor/laravel/framework/src/Illuminate/View/Factory.php(138): Illuminate\\View\\FileViewFinder->find('welcome')
#2 /home/otgpanel2017/public_html/[WEBSITES]/efodia.com/user/api/vendor/laravel/framework/src/Illuminate/Foundation/helpers.php(961): Illuminate\\View\\Factory->make('welcome', Array, Array)
#3 /home/otgpanel2017/public_html/[WEBSITES]/efodia.com/user/api/routes/web.php(17): view('welcome')
#4 /home/otgpanel2017/public_html/[WEBSITES]/efodia.com/user/api/vendor/laravel/framework/src/Illuminate/Routing/Route.php(225): Illuminate\\Routing\\RouteFileRegistrar->{closure}()
#5 /home/otgpanel2017/public_html/[WEBSITES]/efodia.com/user/api/vendor/laravel/framework/src/Illuminate/Routing/Route.php(199): Illuminate\\Routing\\Route->runCallable()
#6 /home/otgpanel2017/public_html/[WEBSITES]/efodia.com/user/api/vendor/laravel/framework/src/Illuminate/Routing/Router.php(685): Illuminate\\Routing\\Route->run()
#7 /home/otgpanel2017/public_html/[WEBSITES]/efodia.com/user/api/vendor/laravel/framework/src/Illuminate/Pipeline/Pipeline.php(128): Illuminate\\Routing\\Router->Illuminate\\Routing\\{closure}(Object(Illuminate\\Http\\Request))
#8 /home/otgpanel2017/public_html/[WEBSITES]/efodia.com/user/api/vendor/laravel/framework/src/Illuminate/Routing/Middleware/SubstituteBindings.php(41): Illuminate\\Pipeline\\Pipeline->Illuminate\\Pipeline\\{closure}(Object(Illuminate\\Http\\Request))
#9 /home/otgpanel2017/public_html/[WEBSITES]/efodia.com/user/api/vendor/laravel/framework/src/Illuminate/Pipeline/Pipeline.php(167): Illuminate\\Routing\\Middleware\\SubstituteBindings->handle(Object(Illuminate\\Http\\Request), Object(Closure))
#10 /home/otgpanel2017/public_html/[WEBSITES]/efodia.com/user/api/vendor/laravel/framework/src/Illuminate/Foundation/Http/Middleware/VerifyCsrfToken.php(78): Illuminate\\Pipeline\\Pipeline->Illuminate\\Pipeline\\{closure}(Object(Illuminate\\Http\\Request))
#11 /home/otgpanel2017/public_html/[WEBSITES]/efodia.com/user/api/vendor/laravel/framework/src/Illuminate/Pipeline/Pipeline.php(167): Illuminate\\Foundation\\Http\\Middleware\\VerifyCsrfToken->handle(Object(Illuminate\\Http\\Request), Object(Closure))
#12 /home/otgpanel2017/public_html/[WEBSITES]/efodia.com/user/api/vendor/laravel/framework/src/Illuminate/View/Middleware/ShareErrorsFromSession.php(49): Illuminate\\Pipeline\\Pipeline->Illuminate\\Pipeline\\{closure}(Object(Illuminate\\Http\\Request))
#13 /home/otgpanel2017/public_html/[WEBSITES]/efodia.com/user/api/vendor/laravel/framework/src/Illuminate/Pipeline/Pipeline.php(167): Illuminate\\View\\Middleware\\ShareErrorsFromSession->handle(Object(Illuminate\\Http\\Request), Object(Closure))
#14 /home/otgpanel2017/public_html/[WEBSITES]/efodia.com/user/api/vendor/laravel/framework/src/Illuminate/Session/Middleware/StartSession.php(116): Illuminate\\Pipeline\\Pipeline->Illuminate\\Pipeline\\{closure}(Object(Illuminate\\Http\\Request))
#15 /home/otgpanel2017/public_html/[WEBSITES]/efodia.com/user/api/vendor/laravel/framework/src/Illuminate/Session/Middleware/StartSession.php(62): Illuminate\\Session\\Middleware\\StartSession->handleStatefulRequest(Object(Illuminate\\Http\\Request), Object(Illuminate\\Session\\Store), Object(Closure))
#16 /home/otgpanel2017/public_html/[WEBSITES]/efodia.com/user/api/vendor/laravel/framework/src/Illuminate/Pipeline/Pipeline.php(167): Illuminate\\Session\\Middleware\\StartSession->handle(Object(Illuminate\\Http\\Request), Object(Closure))
#17 /home/otgpanel2017/public_html/[WEBSITES]/efodia.com/user/api/vendor/laravel/framework/src/Illuminate/Cookie/Middleware/AddQueuedCookiesToResponse.php(37): Illuminate\\Pipeline\\Pipeline->Illuminate\\Pipeline\\{closure}(Object(Illuminate\\Http\\Request))
#18 /home/otgpanel2017/public_html/[WEBSITES]/efodia.com/user/api/vendor/laravel/framework/src/Illuminate/Pipeline/Pipeline.php(167): Illuminate\\Cookie\\Middleware\\AddQueuedCookiesToResponse->handle(Object(Illuminate\\Http\\Request), Object(Closure))
#19 /home/otgpanel2017/public_html/[WEBSITES]/efodia.com/user/api/vendor/laravel/framework/src/Illuminate/Cookie/Middleware/EncryptCookies.php(67): Illuminate\\Pipeline\\Pipeline->Illuminate\\Pipeline\\{closure}(Object(Illuminate\\Http\\Request))
#20 /home/otgpanel2017/public_html/[WEBSITES]/efodia.com/user/api/vendor/laravel/framework/src/Illuminate/Pipeline/Pipeline.php(167): Illuminate\\Cookie\\Middleware\\EncryptCookies->handle(Object(Illuminate\\Http\\Request), Object(Closure))
#21 /home/otgpanel2017/public_html/[WEBSITES]/efodia.com/user/api/vendor/laravel/framework/src/Illuminate/Pipeline/Pipeline.php(103): Illuminate\\Pipeline\\Pipeline->Illuminate\\Pipeline\\{closure}(Object(Illuminate\\Http\\Request))
#22 /home/otgpanel2017/public_html/[WEBSITES]/efodia.com/user/api/vendor/laravel/framework/src/Illuminate/Routing/Router.php(687): Illuminate\\Pipeline\\Pipeline->then(Object(Closure))
#23 /home/otgpanel2017/public_html/[WEBSITES]/efodia.com/user/api/vendor/laravel/framework/src/Illuminate/Routing/Router.php(662): Illuminate\\Routing\\Router->runRouteWithinStack(Object(Illuminate\\Routing\\Route), Object(Illuminate\\Http\\Request))
#24 /home/otgpanel2017/public_html/[WEBSITES]/efodia.com/user/api/vendor/laravel/framework/src/Illuminate/Routing/Router.php(628): Illuminate\\Routing\\Router->runRoute(Object(Illuminate\\Http\\Request), Object(Illuminate\\Routing\\Route))
#25 /home/otgpanel2017/public_html/[WEBSITES]/efodia.com/user/api/vendor/laravel/framework/src/Illuminate/Routing/Router.php(617): Illuminate\\Routing\\Router->dispatchToRoute(Object(Illuminate\\Http\\Request))
#26 /home/otgpanel2017/public_html/[WEBSITES]/efodia.com/user/api/vendor/laravel/framework/src/Illuminate/Foundation/Http/Kernel.php(165): Illuminate\\Routing\\Router->dispatch(Object(Illuminate\\Http\\Request))
#27 /home/otgpanel2017/public_html/[WEBSITES]/efodia.com/user/api/vendor/laravel/framework/src/Illuminate/Pipeline/Pipeline.php(128): Illuminate\\Foundation\\Http\\Kernel->Illuminate\\Foundation\\Http\\{closure}(Object(Illuminate\\Http\\Request))
#28 /home/otgpanel2017/public_html/[WEBSITES]/efodia.com/user/api/vendor/laravel/framework/src/Illuminate/Foundation/Http/Middleware/TransformsRequest.php(21): Illuminate\\Pipeline\\Pipeline->Illuminate\\Pipeline\\{closure}(Object(Illuminate\\Http\\Request))
#29 /home/otgpanel2017/public_html/[WEBSITES]/efodia.com/user/api/vendor/laravel/framework/src/Illuminate/Pipeline/Pipeline.php(167): Illuminate\\Foundation\\Http\\Middleware\\TransformsRequest->handle(Object(Illuminate\\Http\\Request), Object(Closure))
#30 /home/otgpanel2017/public_html/[WEBSITES]/efodia.com/user/api/vendor/laravel/framework/src/Illuminate/Foundation/Http/Middleware/TransformsRequest.php(21): Illuminate\\Pipeline\\Pipeline->Illuminate\\Pipeline\\{closure}(Object(Illuminate\\Http\\Request))
#31 /home/otgpanel2017/public_html/[WEBSITES]/efodia.com/user/api/vendor/laravel/framework/src/Illuminate/Pipeline/Pipeline.php(167): Illuminate\\Foundation\\Http\\Middleware\\TransformsRequest->handle(Object(Illuminate\\Http\\Request), Object(Closure))
#32 /home/otgpanel2017/public_html/[WEBSITES]/efodia.com/user/api/vendor/laravel/framework/src/Illuminate/Foundation/Http/Middleware/ValidatePostSize.php(27): Illuminate\\Pipeline\\Pipeline->Illuminate\\Pipeline\\{closure}(Object(Illuminate\\Http\\Request))
#33 /home/otgpanel2017/public_html/[WEBSITES]/efodia.com/user/api/vendor/laravel/framework/src/Illuminate/Pipeline/Pipeline.php(167): Illuminate\\Foundation\\Http\\Middleware\\ValidatePostSize->handle(Object(Illuminate\\Http\\Request), Object(Closure))
#34 /home/otgpanel2017/public_html/[WEBSITES]/efodia.com/user/api/vendor/laravel/framework/src/Illuminate/Foundation/Http/Middleware/CheckForMaintenanceMode.php(63): Illuminate\\Pipeline\\Pipeline->Illuminate\\Pipeline\\{closure}(Object(Illuminate\\Http\\Request))
#35 /home/otgpanel2017/public_html/[WEBSITES]/efodia.com/user/api/vendor/laravel/framework/src/Illuminate/Pipeline/Pipeline.php(167): Illuminate\\Foundation\\Http\\Middleware\\CheckForMaintenanceMode->handle(Object(Illuminate\\Http\\Request), Object(Closure))
#36 /home/otgpanel2017/public_html/[WEBSITES]/efodia.com/user/api/vendor/fruitcake/laravel-cors/src/HandleCors.php(37): Illuminate\\Pipeline\\Pipeline->Illuminate\\Pipeline\\{closure}(Object(Illuminate\\Http\\Request))
#37 /home/otgpanel2017/public_html/[WEBSITES]/efodia.com/user/api/vendor/laravel/framework/src/Illuminate/Pipeline/Pipeline.php(167): Fruitcake\\Cors\\HandleCors->handle(Object(Illuminate\\Http\\Request), Object(Closure))
#38 /home/otgpanel2017/public_html/[WEBSITES]/efodia.com/user/api/vendor/fideloper/proxy/src/TrustProxies.php(57): Illuminate\\Pipeline\\Pipeline->Illuminate\\Pipeline\\{closure}(Object(Illuminate\\Http\\Request))
#39 /home/otgpanel2017/public_html/[WEBSITES]/efodia.com/user/api/vendor/laravel/framework/src/Illuminate/Pipeline/Pipeline.php(167): Fideloper\\Proxy\\TrustProxies->handle(Object(Illuminate\\Http\\Request), Object(Closure))
#40 /home/otgpanel2017/public_html/[WEBSITES]/efodia.com/user/api/vendor/laravel/framework/src/Illuminate/Pipeline/Pipeline.php(103): Illuminate\\Pipeline\\Pipeline->Illuminate\\Pipeline\\{closure}(Object(Illuminate\\Http\\Request))
#41 /home/otgpanel2017/public_html/[WEBSITES]/efodia.com/user/api/vendor/laravel/framework/src/Illuminate/Foundation/Http/Kernel.php(140): Illuminate\\Pipeline\\Pipeline->then(Object(Closure))
#42 /home/otgpanel2017/public_html/[WEBSITES]/efodia.com/user/api/vendor/laravel/framework/src/Illuminate/Foundation/Http/Kernel.php(109): Illuminate\\Foundation\\Http\\Kernel->sendRequestThroughRouter(Object(Illuminate\\Http\\Request))
#43 /home/otgpanel2017/public_html/[WEBSITES]/efodia.com/user/api/public/index.php(55): Illuminate\\Foundation\\Http\\Kernel->handle(Object(Illuminate\\Http\\Request))
#44 {main}
"} 
[2021-08-30 13:58:02] local.ERROR: file_put_contents(C:\Users\pc\efodia\storage\framework/sessions/4fjwKD7C0w0SBJTHY75v4f7yygqNkiebpU58vYlu): failed to open stream: No such file or directory {"exception":"[object] (ErrorException(code: 0): file_put_contents(C:\\Users\\pc\\efodia\\storage\\framework/sessions/4fjwKD7C0w0SBJTHY75v4f7yygqNkiebpU58vYlu): failed to open stream: No such file or directory at /home/otgpanel2017/public_html/[WEBSITES]/efodia.com/user/api/vendor/laravel/framework/src/Illuminate/Filesystem/Filesystem.php:135)
[stacktrace]
#0 [internal function]: Illuminate\\Foundation\\Bootstrap\\HandleExceptions->handleError(2, 'file_put_conten...', '/home/otgpanel2...', 135, Array)
#1 /home/otgpanel2017/public_html/[WEBSITES]/efodia.com/user/api/vendor/laravel/framework/src/Illuminate/Filesystem/Filesystem.php(135): file_put_contents('C:\\\\Users\\\\pc\\\\efo...', 'a:3:{s:6:\"_toke...', 2)
#2 /home/otgpanel2017/public_html/[WEBSITES]/efodia.com/user/api/vendor/laravel/framework/src/Illuminate/Session/FileSessionHandler.php(83): Illuminate\\Filesystem\\Filesystem->put('C:\\\\Users\\\\pc\\\\efo...', 'a:3:{s:6:\"_toke...', true)
#3 /home/otgpanel2017/public_html/[WEBSITES]/efodia.com/user/api/vendor/laravel/framework/src/Illuminate/Session/Store.php(129): Illuminate\\Session\\FileSessionHandler->write('4fjwKD7C0w0SBJT...', 'a:3:{s:6:\"_toke...')
#4 /home/otgpanel2017/public_html/[WEBSITES]/efodia.com/user/api/vendor/laravel/framework/src/Illuminate/Session/Middleware/StartSession.php(231): Illuminate\\Session\\Store->save()
#5 /home/otgpanel2017/public_html/[WEBSITES]/efodia.com/user/api/vendor/laravel/framework/src/Illuminate/Session/Middleware/StartSession.php(125): Illuminate\\Session\\Middleware\\StartSession->saveSession(Object(Illuminate\\Http\\Request))
#6 /home/otgpanel2017/public_html/[WEBSITES]/efodia.com/user/api/vendor/laravel/framework/src/Illuminate/Session/Middleware/StartSession.php(62): Illuminate\\Session\\Middleware\\StartSession->handleStatefulRequest(Object(Illuminate\\Http\\Request), Object(Illuminate\\Session\\Store), Object(Closure))
#7 /home/otgpanel2017/public_html/[WEBSITES]/efodia.com/user/api/vendor/laravel/framework/src/Illuminate/Pipeline/Pipeline.php(167): Illuminate\\Session\\Middleware\\StartSession->handle(Object(Illuminate\\Http\\Request), Object(Closure))
#8 /home/otgpanel2017/public_html/[WEBSITES]/efodia.com/user/api/vendor/laravel/framework/src/Illuminate/Cookie/Middleware/AddQueuedCookiesToResponse.php(37): Illuminate\\Pipeline\\Pipeline->Illuminate\\Pipeline\\{closure}(Object(Illuminate\\Http\\Request))
#9 /home/otgpanel2017/public_html/[WEBSITES]/efodia.com/user/api/vendor/laravel/framework/src/Illuminate/Pipeline/Pipeline.php(167): Illuminate\\Cookie\\Middleware\\AddQueuedCookiesToResponse->handle(Object(Illuminate\\Http\\Request), Object(Closure))
#10 /home/otgpanel2017/public_html/[WEBSITES]/efodia.com/user/api/vendor/laravel/framework/src/Illuminate/Cookie/Middleware/EncryptCookies.php(67): Illuminate\\Pipeline\\Pipeline->Illuminate\\Pipeline\\{closure}(Object(Illuminate\\Http\\Request))
#11 /home/otgpanel2017/public_html/[WEBSITES]/efodia.com/user/api/vendor/laravel/framework/src/Illuminate/Pipeline/Pipeline.php(167): Illuminate\\Cookie\\Middleware\\EncryptCookies->handle(Object(Illuminate\\Http\\Request), Object(Closure))
#12 /home/otgpanel2017/public_html/[WEBSITES]/efodia.com/user/api/vendor/laravel/framework/src/Illuminate/Pipeline/Pipeline.php(103): Illuminate\\Pipeline\\Pipeline->Illuminate\\Pipeline\\{closure}(Object(Illuminate\\Http\\Request))
#13 /home/otgpanel2017/public_html/[WEBSITES]/efodia.com/user/api/vendor/laravel/framework/src/Illuminate/Routing/Router.php(687): Illuminate\\Pipeline\\Pipeline->then(Object(Closure))
#14 /home/otgpanel2017/public_html/[WEBSITES]/efodia.com/user/api/vendor/laravel/framework/src/Illuminate/Routing/Router.php(662): Illuminate\\Routing\\Router->runRouteWithinStack(Object(Illuminate\\Routing\\Route), Object(Illuminate\\Http\\Request))
#15 /home/otgpanel2017/public_html/[WEBSITES]/efodia.com/user/api/vendor/laravel/framework/src/Illuminate/Routing/Router.php(628): Illuminate\\Routing\\Router->runRoute(Object(Illuminate\\Http\\Request), Object(Illuminate\\Routing\\Route))
#16 /home/otgpanel2017/public_html/[WEBSITES]/efodia.com/user/api/vendor/laravel/framework/src/Illuminate/Routing/Router.php(617): Illuminate\\Routing\\Router->dispatchToRoute(Object(Illuminate\\Http\\Request))
#17 /home/otgpanel2017/public_html/[WEBSITES]/efodia.com/user/api/vendor/laravel/framework/src/Illuminate/Foundation/Http/Kernel.php(165): Illuminate\\Routing\\Router->dispatch(Object(Illuminate\\Http\\Request))
#18 /home/otgpanel2017/public_html/[WEBSITES]/efodia.com/user/api/vendor/laravel/framework/src/Illuminate/Pipeline/Pipeline.php(128): Illuminate\\Foundation\\Http\\Kernel->Illuminate\\Foundation\\Http\\{closure}(Object(Illuminate\\Http\\Request))
#19 /home/otgpanel2017/public_html/[WEBSITES]/efodia.com/user/api/vendor/laravel/framework/src/Illuminate/Foundation/Http/Middleware/TransformsRequest.php(21): Illuminate\\Pipeline\\Pipeline->Illuminate\\Pipeline\\{closure}(Object(Illuminate\\Http\\Request))
#20 /home/otgpanel2017/public_html/[WEBSITES]/efodia.com/user/api/vendor/laravel/framework/src/Illuminate/Pipeline/Pipeline.php(167): Illuminate\\Foundation\\Http\\Middleware\\TransformsRequest->handle(Object(Illuminate\\Http\\Request), Object(Closure))
#21 /home/otgpanel2017/public_html/[WEBSITES]/efodia.com/user/api/vendor/laravel/framework/src/Illuminate/Foundation/Http/Middleware/TransformsRequest.php(21): Illuminate\\Pipeline\\Pipeline->Illuminate\\Pipeline\\{closure}(Object(Illuminate\\Http\\Request))
#22 /home/otgpanel2017/public_html/[WEBSITES]/efodia.com/user/api/vendor/laravel/framework/src/Illuminate/Pipeline/Pipeline.php(167): Illuminate\\Foundation\\Http\\Middleware\\TransformsRequest->handle(Object(Illuminate\\Http\\Request), Object(Closure))
#23 /home/otgpanel2017/public_html/[WEBSITES]/efodia.com/user/api/vendor/laravel/framework/src/Illuminate/Foundation/Http/Middleware/ValidatePostSize.php(27): Illuminate\\Pipeline\\Pipeline->Illuminate\\Pipeline\\{closure}(Object(Illuminate\\Http\\Request))
#24 /home/otgpanel2017/public_html/[WEBSITES]/efodia.com/user/api/vendor/laravel/framework/src/Illuminate/Pipeline/Pipeline.php(167): Illuminate\\Foundation\\Http\\Middleware\\ValidatePostSize->handle(Object(Illuminate\\Http\\Request), Object(Closure))
#25 /home/otgpanel2017/public_html/[WEBSITES]/efodia.com/user/api/vendor/laravel/framework/src/Illuminate/Foundation/Http/Middleware/CheckForMaintenanceMode.php(63): Illuminate\\Pipeline\\Pipeline->Illuminate\\Pipeline\\{closure}(Object(Illuminate\\Http\\Request))
#26 /home/otgpanel2017/public_html/[WEBSITES]/efodia.com/user/api/vendor/laravel/framework/src/Illuminate/Pipeline/Pipeline.php(167): Illuminate\\Foundation\\Http\\Middleware\\CheckForMaintenanceMode->handle(Object(Illuminate\\Http\\Request), Object(Closure))
#27 /home/otgpanel2017/public_html/[WEBSITES]/efodia.com/user/api/vendor/fruitcake/laravel-cors/src/HandleCors.php(37): Illuminate\\Pipeline\\Pipeline->Illuminate\\Pipeline\\{closure}(Object(Illuminate\\Http\\Request))
#28 /home/otgpanel2017/public_html/[WEBSITES]/efodia.com/user/api/vendor/laravel/framework/src/Illuminate/Pipeline/Pipeline.php(167): Fruitcake\\Cors\\HandleCors->handle(Object(Illuminate\\Http\\Request), Object(Closure))
#29 /home/otgpanel2017/public_html/[WEBSITES]/efodia.com/user/api/vendor/fideloper/proxy/src/TrustProxies.php(57): Illuminate\\Pipeline\\Pipeline->Illuminate\\Pipeline\\{closure}(Object(Illuminate\\Http\\Request))
#30 /home/otgpanel2017/public_html/[WEBSITES]/efodia.com/user/api/vendor/laravel/framework/src/Illuminate/Pipeline/Pipeline.php(167): Fideloper\\Proxy\\TrustProxies->handle(Object(Illuminate\\Http\\Request), Object(Closure))
#31 /home/otgpanel2017/public_html/[WEBSITES]/efodia.com/user/api/vendor/laravel/framework/src/Illuminate/Pipeline/Pipeline.php(103): Illuminate\\Pipeline\\Pipeline->Illuminate\\Pipeline\\{closure}(Object(Illuminate\\Http\\Request))
#32 /home/otgpanel2017/public_html/[WEBSITES]/efodia.com/user/api/vendor/laravel/framework/src/Illuminate/Foundation/Http/Kernel.php(140): Illuminate\\Pipeline\\Pipeline->then(Object(Closure))
#33 /home/otgpanel2017/public_html/[WEBSITES]/efodia.com/user/api/vendor/laravel/framework/src/Illuminate/Foundation/Http/Kernel.php(109): Illuminate\\Foundation\\Http\\Kernel->sendRequestThroughRouter(Object(Illuminate\\Http\\Request))
#34 /home/otgpanel2017/public_html/[WEBSITES]/efodia.com/user/api/public/index.php(55): Illuminate\\Foundation\\Http\\Kernel->handle(Object(Illuminate\\Http\\Request))
#35 {main}
"} 
[2021-08-30 13:58:03] local.ERROR: file_put_contents(C:\Users\pc\efodia\storage\framework\views/b7043580f7147b6ff6d5ac05edf2ef3175296b86.php): failed to open stream: No such file or directory {"exception":"[object] (ErrorException(code: 0): file_put_contents(C:\\Users\\pc\\efodia\\storage\\framework\\views/b7043580f7147b6ff6d5ac05edf2ef3175296b86.php): failed to open stream: No such file or directory at /home/otgpanel2017/public_html/[WEBSITES]/efodia.com/user/api/vendor/laravel/framework/src/Illuminate/Filesystem/Filesystem.php:135)
[stacktrace]
#0 [internal function]: Illuminate\\Foundation\\Bootstrap\\HandleExceptions->handleError(2, 'file_put_conten...', '/home/otgpanel2...', 135, Array)
#1 /home/otgpanel2017/public_html/[WEBSITES]/efodia.com/user/api/vendor/laravel/framework/src/Illuminate/Filesystem/Filesystem.php(135): file_put_contents('C:\\\\Users\\\\pc\\\\efo...', '<?php $__env->s...', 0)
#2 /home/otgpanel2017/public_html/[WEBSITES]/efodia.com/user/api/vendor/laravel/framework/src/Illuminate/View/Compilers/BladeCompiler.php(150): Illuminate\\Filesystem\\Filesystem->put('C:\\\\Users\\\\pc\\\\efo...', '<?php $__env->s...')
#3 /home/otgpanel2017/public_html/[WEBSITES]/efodia.com/user/api/vendor/laravel/framework/src/Illuminate/View/Engines/CompilerEngine.php(51): Illuminate\\View\\Compilers\\BladeCompiler->compile('/home/otgpanel2...')
#4 /home/otgpanel2017/public_html/[WEBSITES]/efodia.com/user/api/vendor/facade/ignition/src/Views/Engines/CompilerEngine.php(37): Illuminate\\View\\Engines\\CompilerEngine->get('/home/otgpanel2...', Array)
#5 /home/otgpanel2017/public_html/[WEBSITES]/efodia.com/user/api/vendor/laravel/framework/src/Illuminate/View/View.php(139): Facade\\Ignition\\Views\\Engines\\CompilerEngine->get('/home/otgpanel2...', Array)
#6 /home/otgpanel2017/public_html/[WEBSITES]/efodia.com/user/api/vendor/laravel/framework/src/Illuminate/View/View.php(122): Illuminate\\View\\View->getContents()
#7 /home/otgpanel2017/public_html/[WEBSITES]/efodia.com/user/api/vendor/laravel/framework/src/Illuminate/View/View.php(91): Illuminate\\View\\View->renderContents()
#8 /home/otgpanel2017/public_html/[WEBSITES]/efodia.com/user/api/vendor/laravel/framework/src/Illuminate/Http/Response.php(62): Illuminate\\View\\View->render()
#9 /home/otgpanel2017/public_html/[WEBSITES]/efodia.com/user/api/vendor/laravel/framework/src/Illuminate/Http/Response.php(34): Illuminate\\Http\\Response->setContent(Object(Illuminate\\View\\View))
#10 /home/otgpanel2017/public_html/[WEBSITES]/efodia.com/user/api/vendor/laravel/framework/src/Illuminate/Routing/ResponseFactory.php(55): Illuminate\\Http\\Response->__construct(Object(Illuminate\\View\\View), 404, Array)
#11 /home/otgpanel2017/public_html/[WEBSITES]/efodia.com/user/api/vendor/laravel/framework/src/Illuminate/Routing/ResponseFactory.php(85): Illuminate\\Routing\\ResponseFactory->make(Object(Illuminate\\View\\View), 404, Array)
#12 /home/otgpanel2017/public_html/[WEBSITES]/efodia.com/user/api/vendor/laravel/framework/src/Illuminate/Foundation/Exceptions/Handler.php(409): Illuminate\\Routing\\ResponseFactory->view('errors::404', Array, 404, Array)
#13 /home/otgpanel2017/public_html/[WEBSITES]/efodia.com/user/api/vendor/laravel/framework/src/Illuminate/Foundation/Exceptions/Handler.php(314): Illuminate\\Foundation\\Exceptions\\Handler->renderHttpException(Object(Symfony\\Component\\HttpKernel\\Exception\\NotFoundHttpException))
#14 /home/otgpanel2017/public_html/[WEBSITES]/efodia.com/user/api/vendor/laravel/framework/src/Illuminate/Foundation/Exceptions/Handler.php(211): Illuminate\\Foundation\\Exceptions\\Handler->prepareResponse(Object(Illuminate\\Http\\Request), Object(Symfony\\Component\\HttpKernel\\Exception\\NotFoundHttpException))
#15 /home/otgpanel2017/public_html/[WEBSITES]/efodia.com/user/api/app/Exceptions/Handler.php(53): Illuminate\\Foundation\\Exceptions\\Handler->render(Object(Illuminate\\Http\\Request), Object(Symfony\\Component\\HttpKernel\\Exception\\NotFoundHttpException))
#16 /home/otgpanel2017/public_html/[WEBSITES]/efodia.com/user/api/vendor/laravel/framework/src/Illuminate/Routing/Pipeline.php(51): App\\Exceptions\\Handler->render(Object(Illuminate\\Http\\Request), Object(Symfony\\Component\\HttpKernel\\Exception\\NotFoundHttpException))
#17 /home/otgpanel2017/public_html/[WEBSITES]/efodia.com/user/api/vendor/laravel/framework/src/Illuminate/Pipeline/Pipeline.php(130): Illuminate\\Routing\\Pipeline->handleException(Object(Illuminate\\Http\\Request), Object(Symfony\\Component\\HttpKernel\\Exception\\NotFoundHttpException))
#18 /home/otgpanel2017/public_html/[WEBSITES]/efodia.com/user/api/vendor/laravel/framework/src/Illuminate/Foundation/Http/Middleware/TransformsRequest.php(21): Illuminate\\Pipeline\\Pipeline->Illuminate\\Pipeline\\{closure}(Object(Illuminate\\Http\\Request))
#19 /home/otgpanel2017/public_html/[WEBSITES]/efodia.com/user/api/vendor/laravel/framework/src/Illuminate/Pipeline/Pipeline.php(167): Illuminate\\Foundation\\Http\\Middleware\\TransformsRequest->handle(Object(Illuminate\\Http\\Request), Object(Closure))
#20 /home/otgpanel2017/public_html/[WEBSITES]/efodia.com/user/api/vendor/laravel/framework/src/Illuminate/Foundation/Http/Middleware/TransformsRequest.php(21): Illuminate\\Pipeline\\Pipeline->Illuminate\\Pipeline\\{closure}(Object(Illuminate\\Http\\Request))
#21 /home/otgpanel2017/public_html/[WEBSITES]/efodia.com/user/api/vendor/laravel/framework/src/Illuminate/Pipeline/Pipeline.php(167): Illuminate\\Foundation\\Http\\Middleware\\TransformsRequest->handle(Object(Illuminate\\Http\\Request), Object(Closure))
#22 /home/otgpanel2017/public_html/[WEBSITES]/efodia.com/user/api/vendor/laravel/framework/src/Illuminate/Foundation/Http/Middleware/ValidatePostSize.php(27): Illuminate\\Pipeline\\Pipeline->Illuminate\\Pipeline\\{closure}(Object(Illuminate\\Http\\Request))
#23 /home/otgpanel2017/public_html/[WEBSITES]/efodia.com/user/api/vendor/laravel/framework/src/Illuminate/Pipeline/Pipeline.php(167): Illuminate\\Foundation\\Http\\Middleware\\ValidatePostSize->handle(Object(Illuminate\\Http\\Request), Object(Closure))
#24 /home/otgpanel2017/public_html/[WEBSITES]/efodia.com/user/api/vendor/laravel/framework/src/Illuminate/Foundation/Http/Middleware/CheckForMaintenanceMode.php(63): Illuminate\\Pipeline\\Pipeline->Illuminate\\Pipeline\\{closure}(Object(Illuminate\\Http\\Request))
#25 /home/otgpanel2017/public_html/[WEBSITES]/efodia.com/user/api/vendor/laravel/framework/src/Illuminate/Pipeline/Pipeline.php(167): Illuminate\\Foundation\\Http\\Middleware\\CheckForMaintenanceMode->handle(Object(Illuminate\\Http\\Request), Object(Closure))
#26 /home/otgpanel2017/public_html/[WEBSITES]/efodia.com/user/api/vendor/fruitcake/laravel-cors/src/HandleCors.php(37): Illuminate\\Pipeline\\Pipeline->Illuminate\\Pipeline\\{closure}(Object(Illuminate\\Http\\Request))
#27 /home/otgpanel2017/public_html/[WEBSITES]/efodia.com/user/api/vendor/laravel/framework/src/Illuminate/Pipeline/Pipeline.php(167): Fruitcake\\Cors\\HandleCors->handle(Object(Illuminate\\Http\\Request), Object(Closure))
#28 /home/otgpanel2017/public_html/[WEBSITES]/efodia.com/user/api/vendor/fideloper/proxy/src/TrustProxies.php(57): Illuminate\\Pipeline\\Pipeline->Illuminate\\Pipeline\\{closure}(Object(Illuminate\\Http\\Request))
#29 /home/otgpanel2017/public_html/[WEBSITES]/efodia.com/user/api/vendor/laravel/framework/src/Illuminate/Pipeline/Pipeline.php(167): Fideloper\\Proxy\\TrustProxies->handle(Object(Illuminate\\Http\\Request), Object(Closure))
#30 /home/otgpanel2017/public_html/[WEBSITES]/efodia.com/user/api/vendor/laravel/framework/src/Illuminate/Pipeline/Pipeline.php(103): Illuminate\\Pipeline\\Pipeline->Illuminate\\Pipeline\\{closure}(Object(Illuminate\\Http\\Request))
#31 /home/otgpanel2017/public_html/[WEBSITES]/efodia.com/user/api/vendor/laravel/framework/src/Illuminate/Foundation/Http/Kernel.php(140): Illuminate\\Pipeline\\Pipeline->then(Object(Closure))
#32 /home/otgpanel2017/public_html/[WEBSITES]/efodia.com/user/api/vendor/laravel/framework/src/Illuminate/Foundation/Http/Kernel.php(109): Illuminate\\Foundation\\Http\\Kernel->sendRequestThroughRouter(Object(Illuminate\\Http\\Request))
#33 /home/otgpanel2017/public_html/[WEBSITES]/efodia.com/user/api/public/index.php(55): Illuminate\\Foundation\\Http\\Kernel->handle(Object(Illuminate\\Http\\Request))
#34 {main}
"} 
[2021-08-30 13:58:08] local.ERROR: file_put_contents(C:\Users\pc\efodia\storage\framework\views/b7043580f7147b6ff6d5ac05edf2ef3175296b86.php): failed to open stream: No such file or directory {"exception":"[object] (ErrorException(code: 0): file_put_contents(C:\\Users\\pc\\efodia\\storage\\framework\\views/b7043580f7147b6ff6d5ac05edf2ef3175296b86.php): failed to open stream: No such file or directory at /home/otgpanel2017/public_html/[WEBSITES]/efodia.com/user/api/vendor/laravel/framework/src/Illuminate/Filesystem/Filesystem.php:135)
[stacktrace]
#0 [internal function]: Illuminate\\Foundation\\Bootstrap\\HandleExceptions->handleError(2, 'file_put_conten...', '/home/otgpanel2...', 135, Array)
#1 /home/otgpanel2017/public_html/[WEBSITES]/efodia.com/user/api/vendor/laravel/framework/src/Illuminate/Filesystem/Filesystem.php(135): file_put_contents('C:\\\\Users\\\\pc\\\\efo...', '<?php $__env->s...', 0)
#2 /home/otgpanel2017/public_html/[WEBSITES]/efodia.com/user/api/vendor/laravel/framework/src/Illuminate/View/Compilers/BladeCompiler.php(150): Illuminate\\Filesystem\\Filesystem->put('C:\\\\Users\\\\pc\\\\efo...', '<?php $__env->s...')
#3 /home/otgpanel2017/public_html/[WEBSITES]/efodia.com/user/api/vendor/laravel/framework/src/Illuminate/View/Engines/CompilerEngine.php(51): Illuminate\\View\\Compilers\\BladeCompiler->compile('/home/otgpanel2...')
#4 /home/otgpanel2017/public_html/[WEBSITES]/efodia.com/user/api/vendor/facade/ignition/src/Views/Engines/CompilerEngine.php(37): Illuminate\\View\\Engines\\CompilerEngine->get('/home/otgpanel2...', Array)
#5 /home/otgpanel2017/public_html/[WEBSITES]/efodia.com/user/api/vendor/laravel/framework/src/Illuminate/View/View.php(139): Facade\\Ignition\\Views\\Engines\\CompilerEngine->get('/home/otgpanel2...', Array)
#6 /home/otgpanel2017/public_html/[WEBSITES]/efodia.com/user/api/vendor/laravel/framework/src/Illuminate/View/View.php(122): Illuminate\\View\\View->getContents()
#7 /home/otgpanel2017/public_html/[WEBSITES]/efodia.com/user/api/vendor/laravel/framework/src/Illuminate/View/View.php(91): Illuminate\\View\\View->renderContents()
#8 /home/otgpanel2017/public_html/[WEBSITES]/efodia.com/user/api/vendor/laravel/framework/src/Illuminate/Http/Response.php(62): Illuminate\\View\\View->render()
#9 /home/otgpanel2017/public_html/[WEBSITES]/efodia.com/user/api/vendor/laravel/framework/src/Illuminate/Http/Response.php(34): Illuminate\\Http\\Response->setContent(Object(Illuminate\\View\\View))
#10 /home/otgpanel2017/public_html/[WEBSITES]/efodia.com/user/api/vendor/laravel/framework/src/Illuminate/Routing/ResponseFactory.php(55): Illuminate\\Http\\Response->__construct(Object(Illuminate\\View\\View), 404, Array)
#11 /home/otgpanel2017/public_html/[WEBSITES]/efodia.com/user/api/vendor/laravel/framework/src/Illuminate/Routing/ResponseFactory.php(85): Illuminate\\Routing\\ResponseFactory->make(Object(Illuminate\\View\\View), 404, Array)
#12 /home/otgpanel2017/public_html/[WEBSITES]/efodia.com/user/api/vendor/laravel/framework/src/Illuminate/Foundation/Exceptions/Handler.php(409): Illuminate\\Routing\\ResponseFactory->view('errors::404', Array, 404, Array)
#13 /home/otgpanel2017/public_html/[WEBSITES]/efodia.com/user/api/vendor/laravel/framework/src/Illuminate/Foundation/Exceptions/Handler.php(314): Illuminate\\Foundation\\Exceptions\\Handler->renderHttpException(Object(Symfony\\Component\\HttpKernel\\Exception\\NotFoundHttpException))
#14 /home/otgpanel2017/public_html/[WEBSITES]/efodia.com/user/api/vendor/laravel/framework/src/Illuminate/Foundation/Exceptions/Handler.php(211): Illuminate\\Foundation\\Exceptions\\Handler->prepareResponse(Object(Illuminate\\Http\\Request), Object(Symfony\\Component\\HttpKernel\\Exception\\NotFoundHttpException))
#15 /home/otgpanel2017/public_html/[WEBSITES]/efodia.com/user/api/app/Exceptions/Handler.php(53): Illuminate\\Foundation\\Exceptions\\Handler->render(Object(Illuminate\\Http\\Request), Object(Symfony\\Component\\HttpKernel\\Exception\\NotFoundHttpException))
#16 /home/otgpanel2017/public_html/[WEBSITES]/efodia.com/user/api/vendor/laravel/framework/src/Illuminate/Routing/Pipeline.php(51): App\\Exceptions\\Handler->render(Object(Illuminate\\Http\\Request), Object(Symfony\\Component\\HttpKernel\\Exception\\NotFoundHttpException))
#17 /home/otgpanel2017/public_html/[WEBSITES]/efodia.com/user/api/vendor/laravel/framework/src/Illuminate/Pipeline/Pipeline.php(130): Illuminate\\Routing\\Pipeline->handleException(Object(Illuminate\\Http\\Request), Object(Symfony\\Component\\HttpKernel\\Exception\\NotFoundHttpException))
#18 /home/otgpanel2017/public_html/[WEBSITES]/efodia.com/user/api/vendor/laravel/framework/src/Illuminate/Foundation/Http/Middleware/TransformsRequest.php(21): Illuminate\\Pipeline\\Pipeline->Illuminate\\Pipeline\\{closure}(Object(Illuminate\\Http\\Request))
#19 /home/otgpanel2017/public_html/[WEBSITES]/efodia.com/user/api/vendor/laravel/framework/src/Illuminate/Pipeline/Pipeline.php(167): Illuminate\\Foundation\\Http\\Middleware\\TransformsRequest->handle(Object(Illuminate\\Http\\Request), Object(Closure))
#20 /home/otgpanel2017/public_html/[WEBSITES]/efodia.com/user/api/vendor/laravel/framework/src/Illuminate/Foundation/Http/Middleware/TransformsRequest.php(21): Illuminate\\Pipeline\\Pipeline->Illuminate\\Pipeline\\{closure}(Object(Illuminate\\Http\\Request))
#21 /home/otgpanel2017/public_html/[WEBSITES]/efodia.com/user/api/vendor/laravel/framework/src/Illuminate/Pipeline/Pipeline.php(167): Illuminate\\Foundation\\Http\\Middleware\\TransformsRequest->handle(Object(Illuminate\\Http\\Request), Object(Closure))
#22 /home/otgpanel2017/public_html/[WEBSITES]/efodia.com/user/api/vendor/laravel/framework/src/Illuminate/Foundation/Http/Middleware/ValidatePostSize.php(27): Illuminate\\Pipeline\\Pipeline->Illuminate\\Pipeline\\{closure}(Object(Illuminate\\Http\\Request))
#23 /home/otgpanel2017/public_html/[WEBSITES]/efodia.com/user/api/vendor/laravel/framework/src/Illuminate/Pipeline/Pipeline.php(167): Illuminate\\Foundation\\Http\\Middleware\\ValidatePostSize->handle(Object(Illuminate\\Http\\Request), Object(Closure))
#24 /home/otgpanel2017/public_html/[WEBSITES]/efodia.com/user/api/vendor/laravel/framework/src/Illuminate/Foundation/Http/Middleware/CheckForMaintenanceMode.php(63): Illuminate\\Pipeline\\Pipeline->Illuminate\\Pipeline\\{closure}(Object(Illuminate\\Http\\Request))
#25 /home/otgpanel2017/public_html/[WEBSITES]/efodia.com/user/api/vendor/laravel/framework/src/Illuminate/Pipeline/Pipeline.php(167): Illuminate\\Foundation\\Http\\Middleware\\CheckForMaintenanceMode->handle(Object(Illuminate\\Http\\Request), Object(Closure))
#26 /home/otgpanel2017/public_html/[WEBSITES]/efodia.com/user/api/vendor/fruitcake/laravel-cors/src/HandleCors.php(37): Illuminate\\Pipeline\\Pipeline->Illuminate\\Pipeline\\{closure}(Object(Illuminate\\Http\\Request))
#27 /home/otgpanel2017/public_html/[WEBSITES]/efodia.com/user/api/vendor/laravel/framework/src/Illuminate/Pipeline/Pipeline.php(167): Fruitcake\\Cors\\HandleCors->handle(Object(Illuminate\\Http\\Request), Object(Closure))
#28 /home/otgpanel2017/public_html/[WEBSITES]/efodia.com/user/api/vendor/fideloper/proxy/src/TrustProxies.php(57): Illuminate\\Pipeline\\Pipeline->Illuminate\\Pipeline\\{closure}(Object(Illuminate\\Http\\Request))
#29 /home/otgpanel2017/public_html/[WEBSITES]/efodia.com/user/api/vendor/laravel/framework/src/Illuminate/Pipeline/Pipeline.php(167): Fideloper\\Proxy\\TrustProxies->handle(Object(Illuminate\\Http\\Request), Object(Closure))
#30 /home/otgpanel2017/public_html/[WEBSITES]/efodia.com/user/api/vendor/laravel/framework/src/Illuminate/Pipeline/Pipeline.php(103): Illuminate\\Pipeline\\Pipeline->Illuminate\\Pipeline\\{closure}(Object(Illuminate\\Http\\Request))
#31 /home/otgpanel2017/public_html/[WEBSITES]/efodia.com/user/api/vendor/laravel/framework/src/Illuminate/Foundation/Http/Kernel.php(140): Illuminate\\Pipeline\\Pipeline->then(Object(Closure))
#32 /home/otgpanel2017/public_html/[WEBSITES]/efodia.com/user/api/vendor/laravel/framework/src/Illuminate/Foundation/Http/Kernel.php(109): Illuminate\\Foundation\\Http\\Kernel->sendRequestThroughRouter(Object(Illuminate\\Http\\Request))
#33 /home/otgpanel2017/public_html/[WEBSITES]/efodia.com/user/api/public/index.php(55): Illuminate\\Foundation\\Http\\Kernel->handle(Object(Illuminate\\Http\\Request))
#34 {main}
"} 
[2021-08-30 13:58:09] local.ERROR: file_put_contents(C:\Users\pc\efodia\storage\framework\views/b7043580f7147b6ff6d5ac05edf2ef3175296b86.php): failed to open stream: No such file or directory {"exception":"[object] (ErrorException(code: 0): file_put_contents(C:\\Users\\pc\\efodia\\storage\\framework\\views/b7043580f7147b6ff6d5ac05edf2ef3175296b86.php): failed to open stream: No such file or directory at /home/otgpanel2017/public_html/[WEBSITES]/efodia.com/user/api/vendor/laravel/framework/src/Illuminate/Filesystem/Filesystem.php:135)
[stacktrace]
#0 [internal function]: Illuminate\\Foundation\\Bootstrap\\HandleExceptions->handleError(2, 'file_put_conten...', '/home/otgpanel2...', 135, Array)
#1 /home/otgpanel2017/public_html/[WEBSITES]/efodia.com/user/api/vendor/laravel/framework/src/Illuminate/Filesystem/Filesystem.php(135): file_put_contents('C:\\\\Users\\\\pc\\\\efo...', '<?php $__env->s...', 0)
#2 /home/otgpanel2017/public_html/[WEBSITES]/efodia.com/user/api/vendor/laravel/framework/src/Illuminate/View/Compilers/BladeCompiler.php(150): Illuminate\\Filesystem\\Filesystem->put('C:\\\\Users\\\\pc\\\\efo...', '<?php $__env->s...')
#3 /home/otgpanel2017/public_html/[WEBSITES]/efodia.com/user/api/vendor/laravel/framework/src/Illuminate/View/Engines/CompilerEngine.php(51): Illuminate\\View\\Compilers\\BladeCompiler->compile('/home/otgpanel2...')
#4 /home/otgpanel2017/public_html/[WEBSITES]/efodia.com/user/api/vendor/facade/ignition/src/Views/Engines/CompilerEngine.php(37): Illuminate\\View\\Engines\\CompilerEngine->get('/home/otgpanel2...', Array)
#5 /home/otgpanel2017/public_html/[WEBSITES]/efodia.com/user/api/vendor/laravel/framework/src/Illuminate/View/View.php(139): Facade\\Ignition\\Views\\Engines\\CompilerEngine->get('/home/otgpanel2...', Array)
#6 /home/otgpanel2017/public_html/[WEBSITES]/efodia.com/user/api/vendor/laravel/framework/src/Illuminate/View/View.php(122): Illuminate\\View\\View->getContents()
#7 /home/otgpanel2017/public_html/[WEBSITES]/efodia.com/user/api/vendor/laravel/framework/src/Illuminate/View/View.php(91): Illuminate\\View\\View->renderContents()
#8 /home/otgpanel2017/public_html/[WEBSITES]/efodia.com/user/api/vendor/laravel/framework/src/Illuminate/Http/Response.php(62): Illuminate\\View\\View->render()
#9 /home/otgpanel2017/public_html/[WEBSITES]/efodia.com/user/api/vendor/laravel/framework/src/Illuminate/Http/Response.php(34): Illuminate\\Http\\Response->setContent(Object(Illuminate\\View\\View))
#10 /home/otgpanel2017/public_html/[WEBSITES]/efodia.com/user/api/vendor/laravel/framework/src/Illuminate/Routing/ResponseFactory.php(55): Illuminate\\Http\\Response->__construct(Object(Illuminate\\View\\View), 404, Array)
#11 /home/otgpanel2017/public_html/[WEBSITES]/efodia.com/user/api/vendor/laravel/framework/src/Illuminate/Routing/ResponseFactory.php(85): Illuminate\\Routing\\ResponseFactory->make(Object(Illuminate\\View\\View), 404, Array)
#12 /home/otgpanel2017/public_html/[WEBSITES]/efodia.com/user/api/vendor/laravel/framework/src/Illuminate/Foundation/Exceptions/Handler.php(409): Illuminate\\Routing\\ResponseFactory->view('errors::404', Array, 404, Array)
#13 /home/otgpanel2017/public_html/[WEBSITES]/efodia.com/user/api/vendor/laravel/framework/src/Illuminate/Foundation/Exceptions/Handler.php(314): Illuminate\\Foundation\\Exceptions\\Handler->renderHttpException(Object(Symfony\\Component\\HttpKernel\\Exception\\NotFoundHttpException))
#14 /home/otgpanel2017/public_html/[WEBSITES]/efodia.com/user/api/vendor/laravel/framework/src/Illuminate/Foundation/Exceptions/Handler.php(211): Illuminate\\Foundation\\Exceptions\\Handler->prepareResponse(Object(Illuminate\\Http\\Request), Object(Symfony\\Component\\HttpKernel\\Exception\\NotFoundHttpException))
#15 /home/otgpanel2017/public_html/[WEBSITES]/efodia.com/user/api/app/Exceptions/Handler.php(53): Illuminate\\Foundation\\Exceptions\\Handler->render(Object(Illuminate\\Http\\Request), Object(Symfony\\Component\\HttpKernel\\Exception\\NotFoundHttpException))
#16 /home/otgpanel2017/public_html/[WEBSITES]/efodia.com/user/api/vendor/laravel/framework/src/Illuminate/Routing/Pipeline.php(51): App\\Exceptions\\Handler->render(Object(Illuminate\\Http\\Request), Object(Symfony\\Component\\HttpKernel\\Exception\\NotFoundHttpException))
#17 /home/otgpanel2017/public_html/[WEBSITES]/efodia.com/user/api/vendor/laravel/framework/src/Illuminate/Pipeline/Pipeline.php(130): Illuminate\\Routing\\Pipeline->handleException(Object(Illuminate\\Http\\Request), Object(Symfony\\Component\\HttpKernel\\Exception\\NotFoundHttpException))
#18 /home/otgpanel2017/public_html/[WEBSITES]/efodia.com/user/api/vendor/laravel/framework/src/Illuminate/Foundation/Http/Middleware/TransformsRequest.php(21): Illuminate\\Pipeline\\Pipeline->Illuminate\\Pipeline\\{closure}(Object(Illuminate\\Http\\Request))
#19 /home/otgpanel2017/public_html/[WEBSITES]/efodia.com/user/api/vendor/laravel/framework/src/Illuminate/Pipeline/Pipeline.php(167): Illuminate\\Foundation\\Http\\Middleware\\TransformsRequest->handle(Object(Illuminate\\Http\\Request), Object(Closure))
#20 /home/otgpanel2017/public_html/[WEBSITES]/efodia.com/user/api/vendor/laravel/framework/src/Illuminate/Foundation/Http/Middleware/TransformsRequest.php(21): Illuminate\\Pipeline\\Pipeline->Illuminate\\Pipeline\\{closure}(Object(Illuminate\\Http\\Request))
#21 /home/otgpanel2017/public_html/[WEBSITES]/efodia.com/user/api/vendor/laravel/framework/src/Illuminate/Pipeline/Pipeline.php(167): Illuminate\\Foundation\\Http\\Middleware\\TransformsRequest->handle(Object(Illuminate\\Http\\Request), Object(Closure))
#22 /home/otgpanel2017/public_html/[WEBSITES]/efodia.com/user/api/vendor/laravel/framework/src/Illuminate/Foundation/Http/Middleware/ValidatePostSize.php(27): Illuminate\\Pipeline\\Pipeline->Illuminate\\Pipeline\\{closure}(Object(Illuminate\\Http\\Request))
#23 /home/otgpanel2017/public_html/[WEBSITES]/efodia.com/user/api/vendor/laravel/framework/src/Illuminate/Pipeline/Pipeline.php(167): Illuminate\\Foundation\\Http\\Middleware\\ValidatePostSize->handle(Object(Illuminate\\Http\\Request), Object(Closure))
#24 /home/otgpanel2017/public_html/[WEBSITES]/efodia.com/user/api/vendor/laravel/framework/src/Illuminate/Foundation/Http/Middleware/CheckForMaintenanceMode.php(63): Illuminate\\Pipeline\\Pipeline->Illuminate\\Pipeline\\{closure}(Object(Illuminate\\Http\\Request))
#25 /home/otgpanel2017/public_html/[WEBSITES]/efodia.com/user/api/vendor/laravel/framework/src/Illuminate/Pipeline/Pipeline.php(167): Illuminate\\Foundation\\Http\\Middleware\\CheckForMaintenanceMode->handle(Object(Illuminate\\Http\\Request), Object(Closure))
#26 /home/otgpanel2017/public_html/[WEBSITES]/efodia.com/user/api/vendor/fruitcake/laravel-cors/src/HandleCors.php(37): Illuminate\\Pipeline\\Pipeline->Illuminate\\Pipeline\\{closure}(Object(Illuminate\\Http\\Request))
#27 /home/otgpanel2017/public_html/[WEBSITES]/efodia.com/user/api/vendor/laravel/framework/src/Illuminate/Pipeline/Pipeline.php(167): Fruitcake\\Cors\\HandleCors->handle(Object(Illuminate\\Http\\Request), Object(Closure))
#28 /home/otgpanel2017/public_html/[WEBSITES]/efodia.com/user/api/vendor/fideloper/proxy/src/TrustProxies.php(57): Illuminate\\Pipeline\\Pipeline->Illuminate\\Pipeline\\{closure}(Object(Illuminate\\Http\\Request))
#29 /home/otgpanel2017/public_html/[WEBSITES]/efodia.com/user/api/vendor/laravel/framework/src/Illuminate/Pipeline/Pipeline.php(167): Fideloper\\Proxy\\TrustProxies->handle(Object(Illuminate\\Http\\Request), Object(Closure))
#30 /home/otgpanel2017/public_html/[WEBSITES]/efodia.com/user/api/vendor/laravel/framework/src/Illuminate/Pipeline/Pipeline.php(103): Illuminate\\Pipeline\\Pipeline->Illuminate\\Pipeline\\{closure}(Object(Illuminate\\Http\\Request))
#31 /home/otgpanel2017/public_html/[WEBSITES]/efodia.com/user/api/vendor/laravel/framework/src/Illuminate/Foundation/Http/Kernel.php(140): Illuminate\\Pipeline\\Pipeline->then(Object(Closure))
#32 /home/otgpanel2017/public_html/[WEBSITES]/efodia.com/user/api/vendor/laravel/framework/src/Illuminate/Foundation/Http/Kernel.php(109): Illuminate\\Foundation\\Http\\Kernel->sendRequestThroughRouter(Object(Illuminate\\Http\\Request))
#33 /home/otgpanel2017/public_html/[WEBSITES]/efodia.com/user/api/public/index.php(55): Illuminate\\Foundation\\Http\\Kernel->handle(Object(Illuminate\\Http\\Request))
#34 {main}
"} 
[2021-09-19 09:15:12] local.ERROR: SQLSTATE[28000] [1045] Access denied for user 'root'@'localhost' (using password: NO) (SQL: select count(*) as aggregate from `users` where `email` = Omar_2022@gmail.com) {"exception":"[object] (Illuminate\\Database\\QueryException(code: 1045): SQLSTATE[28000] [1045] Access denied for user 'root'@'localhost' (using password: NO) (SQL: select count(*) as aggregate from `users` where `email` = Omar_2022@gmail.com) at /home/otgpanel2017/public_html/[WEBSITES]/efodia.com/user/api/vendor/laravel/framework/src/Illuminate/Database/Connection.php:671)
[stacktrace]
#0 /home/otgpanel2017/public_html/[WEBSITES]/efodia.com/user/api/vendor/laravel/framework/src/Illuminate/Database/Connection.php(631): Illuminate\\Database\\Connection->runQueryCallback('select count(*)...', Array, Object(Closure))
#1 /home/otgpanel2017/public_html/[WEBSITES]/efodia.com/user/api/vendor/laravel/framework/src/Illuminate/Database/Connection.php(339): Illuminate\\Database\\Connection->run('select count(*)...', Array, Object(Closure))
#2 /home/otgpanel2017/public_html/[WEBSITES]/efodia.com/user/api/vendor/laravel/framework/src/Illuminate/Database/Query/Builder.php(2270): Illuminate\\Database\\Connection->select('select count(*)...', Array, false)
#3 /home/otgpanel2017/public_html/[WEBSITES]/efodia.com/user/api/vendor/laravel/framework/src/Illuminate/Database/Query/Builder.php(2258): Illuminate\\Database\\Query\\Builder->runSelect()
#4 /home/otgpanel2017/public_html/[WEBSITES]/efodia.com/user/api/vendor/laravel/framework/src/Illuminate/Database/Query/Builder.php(2753): Illuminate\\Database\\Query\\Builder->Illuminate\\Database\\Query\\{closure}()
#5 /home/otgpanel2017/public_html/[WEBSITES]/efodia.com/user/api/vendor/laravel/framework/src/Illuminate/Database/Query/Builder.php(2259): Illuminate\\Database\\Query\\Builder->onceWithColumns(Array, Object(Closure))
#6 /home/otgpanel2017/public_html/[WEBSITES]/efodia.com/user/api/vendor/laravel/framework/src/Illuminate/Database/Query/Builder.php(2680): Illuminate\\Database\\Query\\Builder->get(Array)
#7 /home/otgpanel2017/public_html/[WEBSITES]/efodia.com/user/api/vendor/laravel/framework/src/Illuminate/Database/Query/Builder.php(2608): Illuminate\\Database\\Query\\Builder->aggregate('count', Array)
#8 /home/otgpanel2017/public_html/[WEBSITES]/efodia.com/user/api/vendor/laravel/framework/src/Illuminate/Validation/DatabasePresenceVerifier.php(55): Illuminate\\Database\\Query\\Builder->count()
#9 /home/otgpanel2017/public_html/[WEBSITES]/efodia.com/user/api/vendor/laravel/framework/src/Illuminate/Validation/Concerns/ValidatesAttributes.php(765): Illuminate\\Validation\\DatabasePresenceVerifier->getCount('users', 'email', 'Omar_2022@gmail...', NULL, 'id', Array)
#10 /home/otgpanel2017/public_html/[WEBSITES]/efodia.com/user/api/vendor/laravel/framework/src/Illuminate/Validation/Validator.php(554): Illuminate\\Validation\\Validator->validateUnique('email', 'Omar_2022@gmail...', Array, Object(Illuminate\\Validation\\Validator))
#11 /home/otgpanel2017/public_html/[WEBSITES]/efodia.com/user/api/vendor/laravel/framework/src/Illuminate/Validation/Validator.php(377): Illuminate\\Validation\\Validator->validateAttribute('email', 'Unique')
#12 /home/otgpanel2017/public_html/[WEBSITES]/efodia.com/user/api/vendor/laravel/framework/src/Illuminate/Validation/Validator.php(408): Illuminate\\Validation\\Validator->passes()
#13 /home/otgpanel2017/public_html/[WEBSITES]/efodia.com/user/api/app/Http/Controllers/API/AuthController.php(42): Illuminate\\Validation\\Validator->fails()
#14 /home/otgpanel2017/public_html/[WEBSITES]/efodia.com/user/api/vendor/laravel/framework/src/Illuminate/Routing/Controller.php(54): App\\Http\\Controllers\\API\\AuthController->SignUp(Object(Illuminate\\Http\\Request))
#15 /home/otgpanel2017/public_html/[WEBSITES]/efodia.com/user/api/vendor/laravel/framework/src/Illuminate/Routing/ControllerDispatcher.php(45): Illuminate\\Routing\\Controller->callAction('SignUp', Array)
#16 /home/otgpanel2017/public_html/[WEBSITES]/efodia.com/user/api/vendor/laravel/framework/src/Illuminate/Routing/Route.php(239): Illuminate\\Routing\\ControllerDispatcher->dispatch(Object(Illuminate\\Routing\\Route), Object(App\\Http\\Controllers\\API\\AuthController), 'SignUp')
#17 /home/otgpanel2017/public_html/[WEBSITES]/efodia.com/user/api/vendor/laravel/framework/src/Illuminate/Routing/Route.php(196): Illuminate\\Routing\\Route->runController()
#18 /home/otgpanel2017/public_html/[WEBSITES]/efodia.com/user/api/vendor/laravel/framework/src/Illuminate/Routing/Router.php(685): Illuminate\\Routing\\Route->run()
#19 /home/otgpanel2017/public_html/[WEBSITES]/efodia.com/user/api/vendor/laravel/framework/src/Illuminate/Pipeline/Pipeline.php(128): Illuminate\\Routing\\Router->Illuminate\\Routing\\{closure}(Object(Illuminate\\Http\\Request))
#20 /home/otgpanel2017/public_html/[WEBSITES]/efodia.com/user/api/vendor/laravel/framework/src/Illuminate/Routing/Middleware/SubstituteBindings.php(41): Illuminate\\Pipeline\\Pipeline->Illuminate\\Pipeline\\{closure}(Object(Illuminate\\Http\\Request))
#21 /home/otgpanel2017/public_html/[WEBSITES]/efodia.com/user/api/vendor/laravel/framework/src/Illuminate/Pipeline/Pipeline.php(167): Illuminate\\Routing\\Middleware\\SubstituteBindings->handle(Object(Illuminate\\Http\\Request), Object(Closure))
#22 /home/otgpanel2017/public_html/[WEBSITES]/efodia.com/user/api/vendor/laravel/framework/src/Illuminate/Routing/Middleware/ThrottleRequests.php(59): Illuminate\\Pipeline\\Pipeline->Illuminate\\Pipeline\\{closure}(Object(Illuminate\\Http\\Request))
#23 /home/otgpanel2017/public_html/[WEBSITES]/efodia.com/user/api/vendor/laravel/framework/src/Illuminate/Pipeline/Pipeline.php(167): Illuminate\\Routing\\Middleware\\ThrottleRequests->handle(Object(Illuminate\\Http\\Request), Object(Closure), 60, '1')
#24 /home/otgpanel2017/public_html/[WEBSITES]/efodia.com/user/api/vendor/laravel/framework/src/Illuminate/Pipeline/Pipeline.php(103): Illuminate\\Pipeline\\Pipeline->Illuminate\\Pipeline\\{closure}(Object(Illuminate\\Http\\Request))
#25 /home/otgpanel2017/public_html/[WEBSITES]/efodia.com/user/api/vendor/laravel/framework/src/Illuminate/Routing/Router.php(687): Illuminate\\Pipeline\\Pipeline->then(Object(Closure))
#26 /home/otgpanel2017/public_html/[WEBSITES]/efodia.com/user/api/vendor/laravel/framework/src/Illuminate/Routing/Router.php(662): Illuminate\\Routing\\Router->runRouteWithinStack(Object(Illuminate\\Routing\\Route), Object(Illuminate\\Http\\Request))
#27 /home/otgpanel2017/public_html/[WEBSITES]/efodia.com/user/api/vendor/laravel/framework/src/Illuminate/Routing/Router.php(628): Illuminate\\Routing\\Router->runRoute(Object(Illuminate\\Http\\Request), Object(Illuminate\\Routing\\Route))
#28 /home/otgpanel2017/public_html/[WEBSITES]/efodia.com/user/api/vendor/laravel/framework/src/Illuminate/Routing/Router.php(617): Illuminate\\Routing\\Router->dispatchToRoute(Object(Illuminate\\Http\\Request))
#29 /home/otgpanel2017/public_html/[WEBSITES]/efodia.com/user/api/vendor/laravel/framework/src/Illuminate/Foundation/Http/Kernel.php(165): Illuminate\\Routing\\Router->dispatch(Object(Illuminate\\Http\\Request))
#30 /home/otgpanel2017/public_html/[WEBSITES]/efodia.com/user/api/vendor/laravel/framework/src/Illuminate/Pipeline/Pipeline.php(128): Illuminate\\Foundation\\Http\\Kernel->Illuminate\\Foundation\\Http\\{closure}(Object(Illuminate\\Http\\Request))
#31 /home/otgpanel2017/public_html/[WEBSITES]/efodia.com/user/api/vendor/laravel/framework/src/Illuminate/Foundation/Http/Middleware/TransformsRequest.php(21): Illuminate\\Pipeline\\Pipeline->Illuminate\\Pipeline\\{closure}(Object(Illuminate\\Http\\Request))
#32 /home/otgpanel2017/public_html/[WEBSITES]/efodia.com/user/api/vendor/laravel/framework/src/Illuminate/Pipeline/Pipeline.php(167): Illuminate\\Foundation\\Http\\Middleware\\TransformsRequest->handle(Object(Illuminate\\Http\\Request), Object(Closure))
#33 /home/otgpanel2017/public_html/[WEBSITES]/efodia.com/user/api/vendor/laravel/framework/src/Illuminate/Foundation/Http/Middleware/TransformsRequest.php(21): Illuminate\\Pipeline\\Pipeline->Illuminate\\Pipeline\\{closure}(Object(Illuminate\\Http\\Request))
#34 /home/otgpanel2017/public_html/[WEBSITES]/efodia.com/user/api/vendor/laravel/framework/src/Illuminate/Pipeline/Pipeline.php(167): Illuminate\\Foundation\\Http\\Middleware\\TransformsRequest->handle(Object(Illuminate\\Http\\Request), Object(Closure))
#35 /home/otgpanel2017/public_html/[WEBSITES]/efodia.com/user/api/vendor/laravel/framework/src/Illuminate/Foundation/Http/Middleware/ValidatePostSize.php(27): Illuminate\\Pipeline\\Pipeline->Illuminate\\Pipeline\\{closure}(Object(Illuminate\\Http\\Request))
#36 /home/otgpanel2017/public_html/[WEBSITES]/efodia.com/user/api/vendor/laravel/framework/src/Illuminate/Pipeline/Pipeline.php(167): Illuminate\\Foundation\\Http\\Middleware\\ValidatePostSize->handle(Object(Illuminate\\Http\\Request), Object(Closure))
#37 /home/otgpanel2017/public_html/[WEBSITES]/efodia.com/user/api/vendor/laravel/framework/src/Illuminate/Foundation/Http/Middleware/CheckForMaintenanceMode.php(63): Illuminate\\Pipeline\\Pipeline->Illuminate\\Pipeline\\{closure}(Object(Illuminate\\Http\\Request))
#38 /home/otgpanel2017/public_html/[WEBSITES]/efodia.com/user/api/vendor/laravel/framework/src/Illuminate/Pipeline/Pipeline.php(167): Illuminate\\Foundation\\Http\\Middleware\\CheckForMaintenanceMode->handle(Object(Illuminate\\Http\\Request), Object(Closure))
#39 /home/otgpanel2017/public_html/[WEBSITES]/efodia.com/user/api/vendor/fruitcake/laravel-cors/src/HandleCors.php(37): Illuminate\\Pipeline\\Pipeline->Illuminate\\Pipeline\\{closure}(Object(Illuminate\\Http\\Request))
#40 /home/otgpanel2017/public_html/[WEBSITES]/efodia.com/user/api/vendor/laravel/framework/src/Illuminate/Pipeline/Pipeline.php(167): Fruitcake\\Cors\\HandleCors->handle(Object(Illuminate\\Http\\Request), Object(Closure))
#41 /home/otgpanel2017/public_html/[WEBSITES]/efodia.com/user/api/vendor/fideloper/proxy/src/TrustProxies.php(57): Illuminate\\Pipeline\\Pipeline->Illuminate\\Pipeline\\{closure}(Object(Illuminate\\Http\\Request))
#42 /home/otgpanel2017/public_html/[WEBSITES]/efodia.com/user/api/vendor/laravel/framework/src/Illuminate/Pipeline/Pipeline.php(167): Fideloper\\Proxy\\TrustProxies->handle(Object(Illuminate\\Http\\Request), Object(Closure))
#43 /home/otgpanel2017/public_html/[WEBSITES]/efodia.com/user/api/vendor/laravel/framework/src/Illuminate/Pipeline/Pipeline.php(103): Illuminate\\Pipeline\\Pipeline->Illuminate\\Pipeline\\{closure}(Object(Illuminate\\Http\\Request))
#44 /home/otgpanel2017/public_html/[WEBSITES]/efodia.com/user/api/vendor/laravel/framework/src/Illuminate/Foundation/Http/Kernel.php(140): Illuminate\\Pipeline\\Pipeline->then(Object(Closure))
#45 /home/otgpanel2017/public_html/[WEBSITES]/efodia.com/user/api/vendor/laravel/framework/src/Illuminate/Foundation/Http/Kernel.php(109): Illuminate\\Foundation\\Http\\Kernel->sendRequestThroughRouter(Object(Illuminate\\Http\\Request))
#46 /home/otgpanel2017/public_html/[WEBSITES]/efodia.com/user/api/public/index.php(55): Illuminate\\Foundation\\Http\\Kernel->handle(Object(Illuminate\\Http\\Request))
#47 {main}

[previous exception] [object] (PDOException(code: 1045): SQLSTATE[28000] [1045] Access denied for user 'root'@'localhost' (using password: NO) at /home/otgpanel2017/public_html/[WEBSITES]/efodia.com/user/api/vendor/laravel/framework/src/Illuminate/Database/Connectors/Connector.php:70)
[stacktrace]
#0 /home/otgpanel2017/public_html/[WEBSITES]/efodia.com/user/api/vendor/laravel/framework/src/Illuminate/Database/Connectors/Connector.php(70): PDO->__construct('mysql:host=127....', 'root', '', Array)
#1 /home/otgpanel2017/public_html/[WEBSITES]/efodia.com/user/api/vendor/laravel/framework/src/Illuminate/Database/Connectors/Connector.php(46): Illuminate\\Database\\Connectors\\Connector->createPdoConnection('mysql:host=127....', 'root', '', Array)
#2 /home/otgpanel2017/public_html/[WEBSITES]/efodia.com/user/api/vendor/laravel/framework/src/Illuminate/Database/Connectors/MySqlConnector.php(24): Illuminate\\Database\\Connectors\\Connector->createConnection('mysql:host=127....', Array, Array)
#3 /home/otgpanel2017/public_html/[WEBSITES]/efodia.com/user/api/vendor/laravel/framework/src/Illuminate/Database/Connectors/ConnectionFactory.php(184): Illuminate\\Database\\Connectors\\MySqlConnector->connect(Array)
#4 [internal function]: Illuminate\\Database\\Connectors\\ConnectionFactory->Illuminate\\Database\\Connectors\\{closure}()
#5 /home/otgpanel2017/public_html/[WEBSITES]/efodia.com/user/api/vendor/laravel/framework/src/Illuminate/Database/Connection.php(926): call_user_func(Object(Closure))
#6 /home/otgpanel2017/public_html/[WEBSITES]/efodia.com/user/api/vendor/laravel/framework/src/Illuminate/Database/Connection.php(405): Illuminate\\Database\\Connection->getPdo()
#7 /home/otgpanel2017/public_html/[WEBSITES]/efodia.com/user/api/vendor/laravel/framework/src/Illuminate/Database/Connection.php(331): Illuminate\\Database\\Connection->getPdoForSelect(false)
#8 /home/otgpanel2017/public_html/[WEBSITES]/efodia.com/user/api/vendor/laravel/framework/src/Illuminate/Database/Connection.php(664): Illuminate\\Database\\Connection->Illuminate\\Database\\{closure}('select count(*)...', Array)
#9 /home/otgpanel2017/public_html/[WEBSITES]/efodia.com/user/api/vendor/laravel/framework/src/Illuminate/Database/Connection.php(631): Illuminate\\Database\\Connection->runQueryCallback('select count(*)...', Array, Object(Closure))
#10 /home/otgpanel2017/public_html/[WEBSITES]/efodia.com/user/api/vendor/laravel/framework/src/Illuminate/Database/Connection.php(339): Illuminate\\Database\\Connection->run('select count(*)...', Array, Object(Closure))
#11 /home/otgpanel2017/public_html/[WEBSITES]/efodia.com/user/api/vendor/laravel/framework/src/Illuminate/Database/Query/Builder.php(2270): Illuminate\\Database\\Connection->select('select count(*)...', Array, false)
#12 /home/otgpanel2017/public_html/[WEBSITES]/efodia.com/user/api/vendor/laravel/framework/src/Illuminate/Database/Query/Builder.php(2258): Illuminate\\Database\\Query\\Builder->runSelect()
#13 /home/otgpanel2017/public_html/[WEBSITES]/efodia.com/user/api/vendor/laravel/framework/src/Illuminate/Database/Query/Builder.php(2753): Illuminate\\Database\\Query\\Builder->Illuminate\\Database\\Query\\{closure}()
#14 /home/otgpanel2017/public_html/[WEBSITES]/efodia.com/user/api/vendor/laravel/framework/src/Illuminate/Database/Query/Builder.php(2259): Illuminate\\Database\\Query\\Builder->onceWithColumns(Array, Object(Closure))
#15 /home/otgpanel2017/public_html/[WEBSITES]/efodia.com/user/api/vendor/laravel/framework/src/Illuminate/Database/Query/Builder.php(2680): Illuminate\\Database\\Query\\Builder->get(Array)
#16 /home/otgpanel2017/public_html/[WEBSITES]/efodia.com/user/api/vendor/laravel/framework/src/Illuminate/Database/Query/Builder.php(2608): Illuminate\\Database\\Query\\Builder->aggregate('count', Array)
#17 /home/otgpanel2017/public_html/[WEBSITES]/efodia.com/user/api/vendor/laravel/framework/src/Illuminate/Validation/DatabasePresenceVerifier.php(55): Illuminate\\Database\\Query\\Builder->count()
#18 /home/otgpanel2017/public_html/[WEBSITES]/efodia.com/user/api/vendor/laravel/framework/src/Illuminate/Validation/Concerns/ValidatesAttributes.php(765): Illuminate\\Validation\\DatabasePresenceVerifier->getCount('users', 'email', 'Omar_2022@gmail...', NULL, 'id', Array)
#19 /home/otgpanel2017/public_html/[WEBSITES]/efodia.com/user/api/vendor/laravel/framework/src/Illuminate/Validation/Validator.php(554): Illuminate\\Validation\\Validator->validateUnique('email', 'Omar_2022@gmail...', Array, Object(Illuminate\\Validation\\Validator))
#20 /home/otgpanel2017/public_html/[WEBSITES]/efodia.com/user/api/vendor/laravel/framework/src/Illuminate/Validation/Validator.php(377): Illuminate\\Validation\\Validator->validateAttribute('email', 'Unique')
#21 /home/otgpanel2017/public_html/[WEBSITES]/efodia.com/user/api/vendor/laravel/framework/src/Illuminate/Validation/Validator.php(408): Illuminate\\Validation\\Validator->passes()
#22 /home/otgpanel2017/public_html/[WEBSITES]/efodia.com/user/api/app/Http/Controllers/API/AuthController.php(42): Illuminate\\Validation\\Validator->fails()
#23 /home/otgpanel2017/public_html/[WEBSITES]/efodia.com/user/api/vendor/laravel/framework/src/Illuminate/Routing/Controller.php(54): App\\Http\\Controllers\\API\\AuthController->SignUp(Object(Illuminate\\Http\\Request))
#24 /home/otgpanel2017/public_html/[WEBSITES]/efodia.com/user/api/vendor/laravel/framework/src/Illuminate/Routing/ControllerDispatcher.php(45): Illuminate\\Routing\\Controller->callAction('SignUp', Array)
#25 /home/otgpanel2017/public_html/[WEBSITES]/efodia.com/user/api/vendor/laravel/framework/src/Illuminate/Routing/Route.php(239): Illuminate\\Routing\\ControllerDispatcher->dispatch(Object(Illuminate\\Routing\\Route), Object(App\\Http\\Controllers\\API\\AuthController), 'SignUp')
#26 /home/otgpanel2017/public_html/[WEBSITES]/efodia.com/user/api/vendor/laravel/framework/src/Illuminate/Routing/Route.php(196): Illuminate\\Routing\\Route->runController()
#27 /home/otgpanel2017/public_html/[WEBSITES]/efodia.com/user/api/vendor/laravel/framework/src/Illuminate/Routing/Router.php(685): Illuminate\\Routing\\Route->run()
#28 /home/otgpanel2017/public_html/[WEBSITES]/efodia.com/user/api/vendor/laravel/framework/src/Illuminate/Pipeline/Pipeline.php(128): Illuminate\\Routing\\Router->Illuminate\\Routing\\{closure}(Object(Illuminate\\Http\\Request))
#29 /home/otgpanel2017/public_html/[WEBSITES]/efodia.com/user/api/vendor/laravel/framework/src/Illuminate/Routing/Middleware/SubstituteBindings.php(41): Illuminate\\Pipeline\\Pipeline->Illuminate\\Pipeline\\{closure}(Object(Illuminate\\Http\\Request))
#30 /home/otgpanel2017/public_html/[WEBSITES]/efodia.com/user/api/vendor/laravel/framework/src/Illuminate/Pipeline/Pipeline.php(167): Illuminate\\Routing\\Middleware\\SubstituteBindings->handle(Object(Illuminate\\Http\\Request), Object(Closure))
#31 /home/otgpanel2017/public_html/[WEBSITES]/efodia.com/user/api/vendor/laravel/framework/src/Illuminate/Routing/Middleware/ThrottleRequests.php(59): Illuminate\\Pipeline\\Pipeline->Illuminate\\Pipeline\\{closure}(Object(Illuminate\\Http\\Request))
#32 /home/otgpanel2017/public_html/[WEBSITES]/efodia.com/user/api/vendor/laravel/framework/src/Illuminate/Pipeline/Pipeline.php(167): Illuminate\\Routing\\Middleware\\ThrottleRequests->handle(Object(Illuminate\\Http\\Request), Object(Closure), 60, '1')
#33 /home/otgpanel2017/public_html/[WEBSITES]/efodia.com/user/api/vendor/laravel/framework/src/Illuminate/Pipeline/Pipeline.php(103): Illuminate\\Pipeline\\Pipeline->Illuminate\\Pipeline\\{closure}(Object(Illuminate\\Http\\Request))
#34 /home/otgpanel2017/public_html/[WEBSITES]/efodia.com/user/api/vendor/laravel/framework/src/Illuminate/Routing/Router.php(687): Illuminate\\Pipeline\\Pipeline->then(Object(Closure))
#35 /home/otgpanel2017/public_html/[WEBSITES]/efodia.com/user/api/vendor/laravel/framework/src/Illuminate/Routing/Router.php(662): Illuminate\\Routing\\Router->runRouteWithinStack(Object(Illuminate\\Routing\\Route), Object(Illuminate\\Http\\Request))
#36 /home/otgpanel2017/public_html/[WEBSITES]/efodia.com/user/api/vendor/laravel/framework/src/Illuminate/Routing/Router.php(628): Illuminate\\Routing\\Router->runRoute(Object(Illuminate\\Http\\Request), Object(Illuminate\\Routing\\Route))
#37 /home/otgpanel2017/public_html/[WEBSITES]/efodia.com/user/api/vendor/laravel/framework/src/Illuminate/Routing/Router.php(617): Illuminate\\Routing\\Router->dispatchToRoute(Object(Illuminate\\Http\\Request))
#38 /home/otgpanel2017/public_html/[WEBSITES]/efodia.com/user/api/vendor/laravel/framework/src/Illuminate/Foundation/Http/Kernel.php(165): Illuminate\\Routing\\Router->dispatch(Object(Illuminate\\Http\\Request))
#39 /home/otgpanel2017/public_html/[WEBSITES]/efodia.com/user/api/vendor/laravel/framework/src/Illuminate/Pipeline/Pipeline.php(128): Illuminate\\Foundation\\Http\\Kernel->Illuminate\\Foundation\\Http\\{closure}(Object(Illuminate\\Http\\Request))
#40 /home/otgpanel2017/public_html/[WEBSITES]/efodia.com/user/api/vendor/laravel/framework/src/Illuminate/Foundation/Http/Middleware/TransformsRequest.php(21): Illuminate\\Pipeline\\Pipeline->Illuminate\\Pipeline\\{closure}(Object(Illuminate\\Http\\Request))
#41 /home/otgpanel2017/public_html/[WEBSITES]/efodia.com/user/api/vendor/laravel/framework/src/Illuminate/Pipeline/Pipeline.php(167): Illuminate\\Foundation\\Http\\Middleware\\TransformsRequest->handle(Object(Illuminate\\Http\\Request), Object(Closure))
#42 /home/otgpanel2017/public_html/[WEBSITES]/efodia.com/user/api/vendor/laravel/framework/src/Illuminate/Foundation/Http/Middleware/TransformsRequest.php(21): Illuminate\\Pipeline\\Pipeline->Illuminate\\Pipeline\\{closure}(Object(Illuminate\\Http\\Request))
#43 /home/otgpanel2017/public_html/[WEBSITES]/efodia.com/user/api/vendor/laravel/framework/src/Illuminate/Pipeline/Pipeline.php(167): Illuminate\\Foundation\\Http\\Middleware\\TransformsRequest->handle(Object(Illuminate\\Http\\Request), Object(Closure))
#44 /home/otgpanel2017/public_html/[WEBSITES]/efodia.com/user/api/vendor/laravel/framework/src/Illuminate/Foundation/Http/Middleware/ValidatePostSize.php(27): Illuminate\\Pipeline\\Pipeline->Illuminate\\Pipeline\\{closure}(Object(Illuminate\\Http\\Request))
#45 /home/otgpanel2017/public_html/[WEBSITES]/efodia.com/user/api/vendor/laravel/framework/src/Illuminate/Pipeline/Pipeline.php(167): Illuminate\\Foundation\\Http\\Middleware\\ValidatePostSize->handle(Object(Illuminate\\Http\\Request), Object(Closure))
#46 /home/otgpanel2017/public_html/[WEBSITES]/efodia.com/user/api/vendor/laravel/framework/src/Illuminate/Foundation/Http/Middleware/CheckForMaintenanceMode.php(63): Illuminate\\Pipeline\\Pipeline->Illuminate\\Pipeline\\{closure}(Object(Illuminate\\Http\\Request))
#47 /home/otgpanel2017/public_html/[WEBSITES]/efodia.com/user/api/vendor/laravel/framework/src/Illuminate/Pipeline/Pipeline.php(167): Illuminate\\Foundation\\Http\\Middleware\\CheckForMaintenanceMode->handle(Object(Illuminate\\Http\\Request), Object(Closure))
#48 /home/otgpanel2017/public_html/[WEBSITES]/efodia.com/user/api/vendor/fruitcake/laravel-cors/src/HandleCors.php(37): Illuminate\\Pipeline\\Pipeline->Illuminate\\Pipeline\\{closure}(Object(Illuminate\\Http\\Request))
#49 /home/otgpanel2017/public_html/[WEBSITES]/efodia.com/user/api/vendor/laravel/framework/src/Illuminate/Pipeline/Pipeline.php(167): Fruitcake\\Cors\\HandleCors->handle(Object(Illuminate\\Http\\Request), Object(Closure))
#50 /home/otgpanel2017/public_html/[WEBSITES]/efodia.com/user/api/vendor/fideloper/proxy/src/TrustProxies.php(57): Illuminate\\Pipeline\\Pipeline->Illuminate\\Pipeline\\{closure}(Object(Illuminate\\Http\\Request))
#51 /home/otgpanel2017/public_html/[WEBSITES]/efodia.com/user/api/vendor/laravel/framework/src/Illuminate/Pipeline/Pipeline.php(167): Fideloper\\Proxy\\TrustProxies->handle(Object(Illuminate\\Http\\Request), Object(Closure))
#52 /home/otgpanel2017/public_html/[WEBSITES]/efodia.com/user/api/vendor/laravel/framework/src/Illuminate/Pipeline/Pipeline.php(103): Illuminate\\Pipeline\\Pipeline->Illuminate\\Pipeline\\{closure}(Object(Illuminate\\Http\\Request))
#53 /home/otgpanel2017/public_html/[WEBSITES]/efodia.com/user/api/vendor/laravel/framework/src/Illuminate/Foundation/Http/Kernel.php(140): Illuminate\\Pipeline\\Pipeline->then(Object(Closure))
#54 /home/otgpanel2017/public_html/[WEBSITES]/efodia.com/user/api/vendor/laravel/framework/src/Illuminate/Foundation/Http/Kernel.php(109): Illuminate\\Foundation\\Http\\Kernel->sendRequestThroughRouter(Object(Illuminate\\Http\\Request))
#55 /home/otgpanel2017/public_html/[WEBSITES]/efodia.com/user/api/public/index.php(55): Illuminate\\Foundation\\Http\\Kernel->handle(Object(Illuminate\\Http\\Request))
#56 {main}
"} 
